Timestamp,Load Power (kW)
05-11-2019 00:00,3.50
05-11-2019 00:01,3.54
05-11-2019 00:02,3.54
05-11-2019 00:03,3.55
05-11-2019 00:04,3.52
05-11-2019 00:05,3.47
05-11-2019 00:06,3.44
05-11-2019 00:07,3.42
05-11-2019 00:08,3.40
05-11-2019 00:09,3.44
05-11-2019 00:10,3.46
05-11-2019 00:11,3.51
05-11-2019 00:12,3.54
05-11-2019 00:13,3.53
05-11-2019 00:14,3.55
05-11-2019 00:15,3.51
05-11-2019 00:16,3.48
05-11-2019 00:17,3.43
05-11-2019 00:18,3.40
05-11-2019 00:19,3.41
05-11-2019 00:20,3.49
05-11-2019 00:21,3.49
05-11-2019 00:22,3.50
05-11-2019 00:23,3.54
05-11-2019 00:24,3.57
05-11-2019 00:25,3.49
05-11-2019 00:26,3.49
05-11-2019 00:27,3.45
05-11-2019 00:28,3.41
05-11-2019 00:29,3.39
05-11-2019 00:30,3.39
05-11-2019 00:31,3.48
05-11-2019 00:32,3.46
05-11-2019 00:33,3.47
05-11-2019 00:34,3.51
05-11-2019 00:35,3.53
05-11-2019 00:36,3.52
05-11-2019 00:37,3.47
05-11-2019 00:38,3.46
05-11-2019 00:39,3.42
05-11-2019 00:40,3.44
05-11-2019 00:41,3.40
05-11-2019 00:42,3.44
05-11-2019 00:43,3.47
05-11-2019 00:44,3.50
05-11-2019 00:45,3.49
05-11-2019 00:46,3.55
05-11-2019 00:47,3.52
05-11-2019 00:48,3.50
05-11-2019 00:49,3.47
05-11-2019 00:50,3.44
05-11-2019 00:51,3.41
05-11-2019 00:52,3.39
05-11-2019 00:53,3.39
05-11-2019 00:54,3.46
05-11-2019 00:55,3.46
05-11-2019 00:56,3.44
05-11-2019 00:57,3.46
05-11-2019 00:58,3.50
05-11-2019 00:59,3.47
05-11-2019 01:00,3.47
05-11-2019 01:01,3.47
05-11-2019 01:02,3.43
05-11-2019 01:03,3.37
05-11-2019 01:04,3.38
05-11-2019 01:05,3.40
05-11-2019 01:06,3.44
05-11-2019 01:07,3.43
05-11-2019 01:08,3.47
05-11-2019 01:09,3.51
05-11-2019 01:10,3.47
05-11-2019 01:11,3.48
05-11-2019 01:12,3.50
05-11-2019 01:13,3.47
05-11-2019 01:14,3.41
05-11-2019 01:15,3.40
05-11-2019 01:16,3.41
05-11-2019 01:17,3.36
05-11-2019 01:18,3.42
05-11-2019 01:19,3.45
05-11-2019 01:20,3.46
05-11-2019 01:21,3.48
05-11-2019 01:22,3.51
05-11-2019 01:23,3.51
05-11-2019 01:24,3.45
05-11-2019 01:25,3.43
05-11-2019 01:26,3.42
05-11-2019 01:27,3.37
05-11-2019 01:28,3.37
05-11-2019 01:29,3.37
05-11-2019 01:30,3.39
05-11-2019 01:31,3.43
05-11-2019 01:32,3.45
05-11-2019 01:33,3.48
05-11-2019 01:34,3.45
05-11-2019 01:35,3.44
05-11-2019 01:36,3.45
05-11-2019 01:37,3.45
05-11-2019 01:38,3.43
05-11-2019 01:39,3.38
05-11-2019 01:40,3.37
05-11-2019 01:41,3.37
05-11-2019 01:42,3.38
05-11-2019 01:43,3.42
05-11-2019 01:44,3.43
05-11-2019 01:45,3.45
05-11-2019 01:46,3.48
05-11-2019 01:47,3.47
05-11-2019 01:48,3.47
05-11-2019 01:49,3.48
05-11-2019 01:50,3.45
05-11-2019 01:51,3.40
05-11-2019 01:52,3.38
05-11-2019 01:53,3.39
05-11-2019 01:54,3.34
05-11-2019 01:55,3.38
05-11-2019 01:56,3.42
05-11-2019 01:57,3.42
05-11-2019 01:58,3.41
05-11-2019 01:59,3.45
05-11-2019 02:00,3.51
05-11-2019 02:01,3.50
05-11-2019 02:02,3.48
05-11-2019 02:03,3.44
05-11-2019 02:04,3.44
05-11-2019 02:05,3.41
05-11-2019 02:06,3.37
05-11-2019 02:07,3.36
05-11-2019 02:08,3.36
05-11-2019 02:09,3.38
05-11-2019 02:10,3.40
05-11-2019 02:11,3.39
05-11-2019 02:12,3.43
05-11-2019 02:13,3.46
05-11-2019 02:14,3.43
05-11-2019 02:15,3.44
05-11-2019 02:16,3.43
05-11-2019 02:17,3.40
05-11-2019 02:18,3.38
05-11-2019 02:19,3.36
05-11-2019 02:20,3.37
05-11-2019 02:21,3.33
05-11-2019 02:22,3.36
05-11-2019 02:23,3.37
05-11-2019 02:24,3.43
05-11-2019 02:25,3.39
05-11-2019 02:26,3.39
05-11-2019 02:27,3.42
05-11-2019 02:28,3.46
05-11-2019 02:29,3.44
05-11-2019 02:30,3.39
05-11-2019 02:31,3.43
05-11-2019 02:32,3.38
05-11-2019 02:33,3.34
05-11-2019 02:34,3.31
05-11-2019 02:35,3.31
05-11-2019 02:36,3.36
05-11-2019 02:37,3.36
05-11-2019 02:38,3.35
05-11-2019 02:39,3.38
05-11-2019 02:40,3.40
05-11-2019 02:41,3.42
05-11-2019 02:42,3.45
05-11-2019 02:43,3.42
05-11-2019 02:44,3.41
05-11-2019 02:45,3.40
05-11-2019 02:46,3.37
05-11-2019 02:47,3.33
05-11-2019 02:48,3.31
05-11-2019 02:49,3.31
05-11-2019 02:50,3.34
05-11-2019 02:51,3.35
05-11-2019 02:52,3.34
05-11-2019 02:53,3.37
05-11-2019 02:54,3.35
05-11-2019 02:55,3.36
05-11-2019 02:56,3.39
05-11-2019 02:57,3.40
05-11-2019 02:58,3.40
05-11-2019 02:59,3.40
05-11-2019 03:00,3.36
05-11-2019 03:01,3.37
05-11-2019 03:02,3.30
05-11-2019 03:03,3.29
05-11-2019 03:04,3.29
05-11-2019 03:05,3.32
05-11-2019 03:06,3.35
05-11-2019 03:07,3.33
05-11-2019 03:08,3.35
05-11-2019 03:09,3.36
05-11-2019 03:10,3.37
05-11-2019 03:11,3.40
05-11-2019 03:12,3.38
05-11-2019 03:13,3.36
05-11-2019 03:14,3.35
05-11-2019 03:15,3.33
05-11-2019 03:16,3.32
05-11-2019 03:17,3.26
05-11-2019 03:18,3.27
05-11-2019 03:19,3.33
05-11-2019 03:20,3.35
05-11-2019 03:21,3.34
05-11-2019 03:22,3.34
05-11-2019 03:23,3.34
05-11-2019 03:24,3.38
05-11-2019 03:25,3.39
05-11-2019 03:26,3.36
05-11-2019 03:27,3.34
05-11-2019 03:28,3.35
05-11-2019 03:29,3.32
05-11-2019 03:30,3.30
05-11-2019 03:31,3.28
05-11-2019 03:32,3.25
05-11-2019 03:33,3.32
05-11-2019 03:34,3.33
05-11-2019 03:35,3.32
05-11-2019 03:36,3.34
05-11-2019 03:37,3.34
05-11-2019 03:38,3.34
05-11-2019 03:39,3.36
05-11-2019 03:40,3.38
05-11-2019 03:41,3.35
05-11-2019 03:42,3.32
05-11-2019 03:43,3.33
05-11-2019 03:44,3.29
05-11-2019 03:45,3.23
05-11-2019 03:46,3.25
05-11-2019 03:47,3.31
05-11-2019 03:48,3.29
05-11-2019 03:49,3.32
05-11-2019 03:50,3.30
05-11-2019 03:51,3.30
05-11-2019 03:52,3.33
05-11-2019 03:53,3.28
05-11-2019 03:54,3.37
05-11-2019 03:55,3.40
05-11-2019 03:56,3.35
05-11-2019 03:57,3.33
05-11-2019 03:58,3.32
05-11-2019 03:59,3.27
05-11-2019 04:00,3.24
05-11-2019 04:01,3.27
05-11-2019 04:02,3.28
05-11-2019 04:03,3.31
05-11-2019 04:04,3.27
05-11-2019 04:05,3.32
05-11-2019 04:06,3.31
05-11-2019 04:07,3.32
05-11-2019 04:08,3.25
05-11-2019 04:09,3.27
05-11-2019 04:10,3.28
05-11-2019 04:11,3.30
05-11-2019 04:12,3.34
05-11-2019 04:13,3.28
05-11-2019 04:14,3.29
05-11-2019 04:15,3.27
05-11-2019 04:16,3.28
05-11-2019 04:17,3.26
05-11-2019 04:18,3.24
05-11-2019 04:19,3.27
05-11-2019 04:20,3.25
05-11-2019 04:21,3.24
05-11-2019 04:22,3.25
05-11-2019 04:23,3.26
05-11-2019 04:24,3.22
05-11-2019 04:25,3.22
05-11-2019 04:26,3.31
05-11-2019 04:27,3.25
05-11-2019 04:28,3.22
05-11-2019 04:29,3.21
05-11-2019 04:30,3.22
05-11-2019 04:31,3.29
05-11-2019 04:32,3.24
05-11-2019 04:33,3.29
05-11-2019 04:34,3.28
05-11-2019 04:35,3.30
05-11-2019 04:36,3.27
05-11-2019 04:37,3.18
05-11-2019 04:38,3.17
05-11-2019 04:39,3.19
05-11-2019 04:40,3.19
05-11-2019 04:41,3.18
05-11-2019 04:42,3.21
05-11-2019 04:43,3.15
05-11-2019 04:44,3.13
05-11-2019 04:45,3.18
05-11-2019 04:46,3.16
05-11-2019 04:47,3.10
05-11-2019 04:48,3.11
05-11-2019 04:49,3.19
05-11-2019 04:50,3.11
05-11-2019 04:51,3.06
05-11-2019 04:52,3.10
05-11-2019 04:53,3.14
05-11-2019 04:54,3.17
05-11-2019 04:55,3.11
05-11-2019 04:56,3.08
05-11-2019 04:57,3.14
05-11-2019 04:58,3.09
05-11-2019 04:59,3.10
05-11-2019 05:00,3.09
05-11-2019 05:01,2.91
05-11-2019 05:02,3.00
05-11-2019 05:03,3.07
05-11-2019 05:04,2.92
05-11-2019 05:05,2.90
05-11-2019 05:06,2.82
05-11-2019 05:07,2.91
05-11-2019 05:08,2.93
05-11-2019 05:09,2.93
05-11-2019 05:10,3.03
05-11-2019 05:11,2.81
05-11-2019 05:12,2.91
05-11-2019 05:13,2.92
05-11-2019 05:14,2.79
05-11-2019 05:15,2.83
05-11-2019 05:16,2.96
05-11-2019 05:17,3.01
05-11-2019 05:18,2.91
05-11-2019 05:19,2.79
05-11-2019 05:20,2.82
05-11-2019 05:21,2.85
05-11-2019 05:22,0.96
05-11-2019 05:23,0.99
05-11-2019 05:24,0.99
05-11-2019 05:25,0.81
05-11-2019 05:26,0.96
05-11-2019 05:27,0.95
05-11-2019 05:28,0.81
05-11-2019 05:29,0.81
05-11-2019 05:30,1.05
05-11-2019 05:31,0.96
05-11-2019 05:32,0.94
05-11-2019 05:33,0.82
05-11-2019 05:34,0.80
05-11-2019 05:35,0.95
05-11-2019 05:36,0.91
05-11-2019 05:37,0.81
05-11-2019 05:38,0.95
05-11-2019 05:39,0.95
05-11-2019 05:40,0.93
05-11-2019 05:41,0.79
05-11-2019 05:42,0.82
05-11-2019 05:43,0.94
05-11-2019 05:44,0.95
05-11-2019 05:45,0.80
05-11-2019 05:46,0.83
05-11-2019 05:47,0.81
05-11-2019 05:48,0.93
05-11-2019 05:49,0.91
05-11-2019 05:50,0.75
05-11-2019 05:51,0.75
05-11-2019 05:52,0.82
05-11-2019 05:53,0.71
05-11-2019 05:54,0.69
05-11-2019 05:55,0.70
05-11-2019 05:56,0.70
05-11-2019 05:57,0.69
05-11-2019 05:58,0.83
05-11-2019 05:59,0.82
05-11-2019 06:00,0.81
05-11-2019 06:01,0.74
05-11-2019 06:02,0.73
05-11-2019 06:03,0.83
05-11-2019 06:04,0.80
05-11-2019 06:05,0.73
05-11-2019 06:06,3.76
05-11-2019 06:07,4.31
05-11-2019 06:08,7.09
05-11-2019 06:09,7.28
05-11-2019 06:10,7.22
05-11-2019 06:11,7.11
05-11-2019 06:12,7.12
05-11-2019 06:13,7.12
05-11-2019 06:14,7.22
05-11-2019 06:15,7.14
05-11-2019 06:16,7.07
05-11-2019 06:17,7.09
05-11-2019 06:18,7.10
05-11-2019 06:19,7.11
05-11-2019 06:20,7.09
05-11-2019 06:21,7.20
05-11-2019 06:22,7.23
05-11-2019 06:23,7.06
05-11-2019 06:24,7.07
05-11-2019 06:25,7.05
05-11-2019 06:26,7.20
05-11-2019 06:27,7.22
05-11-2019 06:28,7.04
05-11-2019 06:29,7.06
05-11-2019 06:30,7.07
05-11-2019 06:31,7.05
05-11-2019 06:32,7.04
05-11-2019 06:33,8.82
05-11-2019 06:34,9.15
05-11-2019 06:35,9.37
05-11-2019 06:36,9.30
05-11-2019 06:37,9.19
05-11-2019 06:38,9.09
05-11-2019 06:39,9.03
05-11-2019 06:40,9.14
05-11-2019 06:41,9.05
05-11-2019 06:42,9.04
05-11-2019 06:43,9.18
05-11-2019 06:44,9.18
05-11-2019 06:45,9.14
05-11-2019 06:46,9.05
05-11-2019 06:47,9.07
05-11-2019 06:48,9.20
05-11-2019 06:49,9.17
05-11-2019 06:50,9.01
05-11-2019 06:51,9.03
05-11-2019 06:52,9.07
05-11-2019 06:53,9.01
05-11-2019 06:54,9.13
05-11-2019 06:55,9.06
05-11-2019 06:56,6.79
05-11-2019 06:57,6.80
05-11-2019 06:58,6.89
05-11-2019 06:59,7.12
05-11-2019 07:00,7.12
05-11-2019 07:01,6.83
05-11-2019 07:02,6.82
05-11-2019 07:03,7.13
05-11-2019 07:04,7.12
05-11-2019 07:05,6.78
05-11-2019 07:06,6.97
05-11-2019 07:07,7.10
05-11-2019 07:08,7.14
05-11-2019 07:09,7.10
05-11-2019 07:10,6.80
05-11-2019 07:11,6.76
05-11-2019 07:12,6.95
05-11-2019 07:13,7.09
05-11-2019 07:14,7.15
05-11-2019 07:15,7.21
05-11-2019 07:16,8.29
05-11-2019 07:17,9.26
05-11-2019 07:18,9.35
05-11-2019 07:19,6.15
05-11-2019 07:20,6.06
05-11-2019 07:21,3.18
05-11-2019 07:22,3.18
05-11-2019 07:23,3.21
05-11-2019 07:24,3.14
05-11-2019 07:25,3.19
05-11-2019 07:26,3.18
05-11-2019 07:27,3.19
05-11-2019 07:28,3.13
05-11-2019 07:29,3.18
05-11-2019 07:30,3.27
05-11-2019 07:31,3.30
05-11-2019 07:32,3.25
05-11-2019 07:33,3.18
05-11-2019 07:34,3.15
05-11-2019 07:35,3.24
05-11-2019 07:36,3.21
05-11-2019 07:37,3.25
05-11-2019 07:38,3.26
05-11-2019 07:39,3.30
05-11-2019 07:40,3.22
05-11-2019 07:41,3.20
05-11-2019 07:42,3.24
05-11-2019 07:43,3.31
05-11-2019 07:44,3.29
05-11-2019 07:45,3.31
05-11-2019 07:46,3.28
05-11-2019 07:47,3.29
05-11-2019 07:48,3.29
05-11-2019 07:49,3.26
05-11-2019 07:50,3.33
05-11-2019 07:51,3.41
05-11-2019 07:52,3.33
05-11-2019 07:53,3.28
05-11-2019 07:54,3.32
05-11-2019 07:55,3.35
05-11-2019 07:56,3.35
05-11-2019 07:57,3.40
05-11-2019 07:58,3.39
05-11-2019 07:59,3.37
05-11-2019 08:00,3.73
05-11-2019 08:01,3.77
05-11-2019 08:02,3.71
05-11-2019 08:03,3.75
05-11-2019 08:04,3.75
05-11-2019 08:05,3.69
05-11-2019 08:06,3.43
05-11-2019 08:07,3.80
05-11-2019 08:08,3.39
05-11-2019 08:09,3.36
05-11-2019 08:10,3.40
05-11-2019 08:11,3.42
05-11-2019 08:12,3.42
05-11-2019 08:13,3.44
05-11-2019 08:14,3.39
05-11-2019 08:15,3.42
05-11-2019 08:16,3.39
05-11-2019 08:17,3.37
05-11-2019 08:18,3.43
05-11-2019 08:19,3.47
05-11-2019 08:20,3.38
05-11-2019 08:21,3.35
05-11-2019 08:22,3.38
05-11-2019 08:23,3.51
05-11-2019 08:24,3.44
05-11-2019 08:25,3.44
05-11-2019 08:26,3.40
05-11-2019 08:27,3.45
05-11-2019 08:28,3.34
05-11-2019 08:29,3.45
05-11-2019 08:30,3.46
05-11-2019 08:31,3.53
05-11-2019 08:32,3.41
05-11-2019 08:33,3.32
05-11-2019 08:34,3.42
05-11-2019 08:35,3.54
05-11-2019 08:36,3.43
05-11-2019 08:37,3.42
05-11-2019 08:38,3.36
05-11-2019 08:39,3.46
05-11-2019 08:40,3.38
05-11-2019 08:41,3.43
05-11-2019 08:42,3.42
05-11-2019 08:43,3.51
05-11-2019 08:44,3.36
05-11-2019 08:45,3.34
05-11-2019 08:46,3.38
05-11-2019 08:47,3.47
05-11-2019 08:48,3.33
05-11-2019 08:49,3.38
05-11-2019 08:50,3.36
05-11-2019 08:51,3.46
05-11-2019 08:52,3.39
05-11-2019 08:53,3.88
05-11-2019 08:54,3.39
05-11-2019 08:55,3.49
05-11-2019 08:56,3.39
05-11-2019 08:57,3.32
05-11-2019 08:58,3.35
05-11-2019 08:59,3.48
05-11-2019 09:00,3.39
05-11-2019 09:01,3.46
05-11-2019 09:02,3.47
05-11-2019 09:03,3.58
05-11-2019 09:04,3.48
05-11-2019 09:05,3.50
05-11-2019 09:06,3.53
05-11-2019 09:07,3.76
05-11-2019 09:08,3.42
05-11-2019 09:09,3.43
05-11-2019 09:10,3.46
05-11-2019 09:11,3.60
05-11-2019 09:12,3.53
05-11-2019 09:13,3.49
05-11-2019 09:14,3.52
05-11-2019 09:15,3.56
05-11-2019 09:16,3.46
05-11-2019 09:17,3.50
05-11-2019 09:18,3.67
05-11-2019 09:19,3.84
05-11-2019 09:20,3.71
05-11-2019 09:21,3.64
05-11-2019 09:22,3.59
05-11-2019 09:23,3.81
05-11-2019 09:24,3.80
05-11-2019 09:25,3.76
05-11-2019 09:26,3.68
05-11-2019 09:27,3.81
05-11-2019 09:28,3.61
05-11-2019 09:29,3.64
05-11-2019 09:30,3.69
05-11-2019 09:31,3.78
05-11-2019 09:32,3.68
05-11-2019 09:33,3.80
05-11-2019 09:34,3.78
05-11-2019 09:35,3.84
05-11-2019 09:36,3.74
05-11-2019 09:37,3.80
05-11-2019 09:38,3.86
05-11-2019 09:39,4.09
05-11-2019 09:40,4.08
05-11-2019 09:41,3.94
05-11-2019 09:42,3.87
05-11-2019 09:43,3.79
05-11-2019 09:44,3.70
05-11-2019 09:45,3.63
05-11-2019 09:46,3.63
05-11-2019 09:47,3.76
05-11-2019 09:48,3.70
05-11-2019 09:49,3.67
05-11-2019 09:50,3.59
05-11-2019 09:51,3.82
05-11-2019 09:52,3.69
05-11-2019 09:53,3.65
05-11-2019 09:54,3.65
05-11-2019 09:55,3.76
05-11-2019 09:56,3.64
05-11-2019 09:57,3.66
05-11-2019 09:58,3.54
05-11-2019 09:59,3.75
05-11-2019 10:00,3.73
05-11-2019 10:01,3.70
05-11-2019 10:02,3.70
05-11-2019 10:03,3.84
05-11-2019 10:04,3.68
05-11-2019 10:05,3.68
05-11-2019 10:06,3.66
05-11-2019 10:07,3.76
05-11-2019 10:08,3.64
05-11-2019 10:09,3.72
05-11-2019 10:10,3.73
05-11-2019 10:11,3.87
05-11-2019 10:12,3.90
05-11-2019 10:13,3.76
05-11-2019 10:14,3.69
05-11-2019 10:15,3.99
05-11-2019 10:16,3.75
05-11-2019 10:17,3.83
05-11-2019 10:18,3.89
05-11-2019 10:19,4.00
05-11-2019 10:20,3.93
05-11-2019 10:21,3.68
05-11-2019 10:22,3.66
05-11-2019 10:23,3.80
05-11-2019 10:24,3.75
05-11-2019 10:25,3.82
05-11-2019 10:26,3.81
05-11-2019 10:27,3.96
05-11-2019 10:28,3.76
05-11-2019 10:29,3.73
05-11-2019 10:30,3.70
05-11-2019 10:31,3.91
05-11-2019 10:32,3.66
05-11-2019 10:33,3.76
05-11-2019 10:34,3.81
05-11-2019 10:35,3.99
05-11-2019 10:36,4.02
05-11-2019 10:37,3.87
05-11-2019 10:38,3.80
05-11-2019 10:39,3.96
05-11-2019 10:40,3.86
05-11-2019 10:41,3.86
05-11-2019 10:42,3.94
05-11-2019 10:43,4.11
05-11-2019 10:44,3.81
05-11-2019 10:45,3.79
05-11-2019 10:46,3.75
05-11-2019 10:47,3.85
05-11-2019 10:48,3.70
05-11-2019 10:49,3.74
05-11-2019 10:50,3.70
05-11-2019 10:51,3.85
05-11-2019 10:52,3.91
05-11-2019 10:53,4.00
05-11-2019 10:54,3.98
05-11-2019 10:55,4.11
05-11-2019 10:56,3.92
05-11-2019 10:57,3.95
05-11-2019 10:58,4.05
05-11-2019 10:59,4.17
05-11-2019 11:00,4.20
05-11-2019 11:01,3.98
05-11-2019 11:02,4.01
05-11-2019 11:03,4.06
05-11-2019 11:04,3.89
05-11-2019 11:05,4.16
05-11-2019 11:06,4.21
05-11-2019 11:07,4.34
05-11-2019 11:08,4.26
05-11-2019 11:09,4.25
05-11-2019 11:10,4.23
05-11-2019 11:11,4.41
05-11-2019 11:12,4.19
05-11-2019 11:13,4.19
05-11-2019 11:14,4.24
05-11-2019 11:15,4.45
05-11-2019 11:16,3.98
05-11-2019 11:17,3.80
05-11-2019 11:18,3.78
05-11-2019 11:19,3.90
05-11-2019 11:20,3.67
05-11-2019 11:21,3.68
05-11-2019 11:22,3.70
05-11-2019 11:23,3.96
05-11-2019 11:24,3.79
05-11-2019 11:25,3.80
05-11-2019 11:26,3.78
05-11-2019 11:27,3.92
05-11-2019 11:28,3.74
05-11-2019 11:29,3.79
05-11-2019 11:30,3.72
05-11-2019 11:31,3.86
05-11-2019 11:32,3.73
05-11-2019 11:33,3.78
05-11-2019 11:34,3.76
05-11-2019 11:35,3.96
05-11-2019 11:36,3.88
05-11-2019 11:37,3.71
05-11-2019 11:38,3.76
05-11-2019 11:39,3.95
05-11-2019 11:40,3.98
05-11-2019 11:41,3.82
05-11-2019 11:42,3.77
05-11-2019 11:43,4.45
05-11-2019 11:44,3.80
05-11-2019 11:45,3.69
05-11-2019 11:46,3.73
05-11-2019 11:47,3.91
05-11-2019 11:48,3.79
05-11-2019 11:49,3.85
05-11-2019 11:50,3.84
05-11-2019 11:51,4.02
05-11-2019 11:52,3.82
05-11-2019 11:53,3.75
05-11-2019 11:54,3.82
05-11-2019 11:55,3.99
05-11-2019 11:56,3.77
05-11-2019 11:57,4.20
05-11-2019 11:58,3.79
05-11-2019 11:59,3.94
05-11-2019 12:00,3.77
05-11-2019 12:01,3.79
05-11-2019 12:02,3.80
05-11-2019 12:03,4.06
05-11-2019 12:04,4.01
05-11-2019 12:05,4.21
05-11-2019 12:06,4.23
05-11-2019 12:07,4.28
05-11-2019 12:08,4.18
05-11-2019 12:09,4.10
05-11-2019 12:10,4.08
05-11-2019 12:11,4.32
05-11-2019 12:12,4.20
05-11-2019 12:13,4.20
05-11-2019 12:14,4.19
05-11-2019 12:15,4.19
05-11-2019 12:16,4.25
05-11-2019 12:17,4.01
05-11-2019 12:18,4.02
05-11-2019 12:19,4.14
05-11-2019 12:20,3.94
05-11-2019 12:21,4.05
05-11-2019 12:22,4.04
05-11-2019 12:23,4.23
05-11-2019 12:24,4.23
05-11-2019 12:25,4.01
05-11-2019 12:26,3.98
05-11-2019 12:27,4.14
05-11-2019 12:28,4.00
05-11-2019 12:29,4.04
05-11-2019 12:30,4.24
05-11-2019 12:31,4.56
05-11-2019 12:32,4.48
05-11-2019 12:33,4.31
05-11-2019 12:34,4.26
05-11-2019 12:35,4.52
05-11-2019 12:36,4.37
05-11-2019 12:37,4.40
05-11-2019 12:38,4.44
05-11-2019 12:39,4.56
05-11-2019 12:40,4.37
05-11-2019 12:41,4.41
05-11-2019 12:42,4.39
05-11-2019 12:43,4.50
05-11-2019 12:44,4.36
05-11-2019 12:45,4.41
05-11-2019 12:46,4.57
05-11-2019 12:47,4.56
05-11-2019 12:48,4.63
05-11-2019 12:49,4.59
05-11-2019 12:50,5.60
05-11-2019 12:51,5.71
05-11-2019 12:52,5.73
05-11-2019 12:53,5.46
05-11-2019 12:54,5.69
05-11-2019 12:55,5.88
05-11-2019 12:56,5.74
05-11-2019 12:57,6.65
05-11-2019 12:58,6.65
05-11-2019 12:59,6.70
05-11-2019 13:00,6.93
05-11-2019 13:01,6.63
05-11-2019 13:02,6.95
05-11-2019 13:03,7.01
05-11-2019 13:04,6.77
05-11-2019 13:05,6.78
05-11-2019 13:06,7.83
05-11-2019 13:07,6.68
05-11-2019 13:08,6.62
05-11-2019 13:09,6.53
05-11-2019 13:10,6.29
05-11-2019 13:11,6.65
05-11-2019 13:12,6.16
05-11-2019 13:13,5.60
05-11-2019 13:14,5.98
05-11-2019 13:15,6.33
05-11-2019 13:16,6.50
05-11-2019 13:17,7.06
05-11-2019 13:18,6.86
05-11-2019 13:19,6.11
05-11-2019 13:20,6.52
05-11-2019 13:21,6.89
05-11-2019 13:22,6.81
05-11-2019 13:23,6.60
05-11-2019 13:24,6.56
05-11-2019 13:25,6.80
05-11-2019 13:26,5.73
05-11-2019 13:27,5.82
05-11-2019 13:28,6.36
05-11-2019 13:29,6.56
05-11-2019 13:30,6.66
05-11-2019 13:31,8.27
05-11-2019 13:32,7.39
05-11-2019 13:33,7.04
05-11-2019 13:34,5.71
05-11-2019 13:35,7.35
05-11-2019 13:36,7.22
05-11-2019 13:37,7.40
05-11-2019 13:38,6.77
05-11-2019 13:39,6.91
05-11-2019 13:40,6.67
05-11-2019 13:41,5.59
05-11-2019 13:42,6.93
05-11-2019 13:43,6.84
05-11-2019 13:44,7.32
05-11-2019 13:45,7.37
05-11-2019 13:46,7.24
05-11-2019 13:47,7.09
05-11-2019 13:48,6.39
05-11-2019 13:49,5.96
05-11-2019 13:50,7.26
05-11-2019 13:51,8.10
05-11-2019 13:52,7.58
05-11-2019 13:53,7.54
05-11-2019 13:54,8.02
05-11-2019 13:55,8.08
05-11-2019 13:56,8.75
05-11-2019 13:57,8.08
05-11-2019 13:58,8.30
05-11-2019 13:59,4.43
05-11-2019 14:00,3.99
05-11-2019 14:01,4.01
05-11-2019 14:02,4.03
05-11-2019 14:03,4.26
05-11-2019 14:04,3.89
05-11-2019 14:05,4.05
05-11-2019 14:06,3.89
05-11-2019 14:07,4.02
05-11-2019 14:08,3.81
05-11-2019 14:09,3.80
05-11-2019 14:10,3.81
05-11-2019 14:11,4.09
05-11-2019 14:12,4.35
05-11-2019 14:13,4.22
05-11-2019 14:14,4.17
05-11-2019 14:15,4.30
05-11-2019 14:16,4.14
05-11-2019 14:17,4.27
05-11-2019 14:18,4.34
05-11-2019 14:19,4.53
05-11-2019 14:20,4.52
05-11-2019 14:21,4.37
05-11-2019 14:22,4.35
05-11-2019 14:23,4.48
05-11-2019 14:24,4.24
05-11-2019 14:25,4.28
05-11-2019 14:26,4.28
05-11-2019 14:27,4.55
05-11-2019 14:28,4.55
05-11-2019 14:29,4.43
05-11-2019 14:30,4.32
05-11-2019 14:31,4.47
05-11-2019 14:32,4.31
05-11-2019 14:33,4.29
05-11-2019 14:34,4.39
05-11-2019 14:35,4.42
05-11-2019 14:36,4.23
05-11-2019 14:37,4.19
05-11-2019 14:38,4.13
05-11-2019 14:39,4.51
05-11-2019 14:40,4.19
05-11-2019 14:41,4.21
05-11-2019 14:42,4.24
05-11-2019 14:43,7.42
05-11-2019 14:44,8.06
05-11-2019 14:45,8.11
05-11-2019 14:46,4.28
05-11-2019 14:47,4.46
05-11-2019 14:48,4.45
05-11-2019 14:49,4.42
05-11-2019 14:50,4.22
05-11-2019 14:51,4.36
05-11-2019 14:52,5.02
05-11-2019 14:53,5.14
05-11-2019 14:54,5.02
05-11-2019 14:55,5.01
05-11-2019 14:56,5.10
05-11-2019 14:57,5.03
05-11-2019 14:58,4.95
05-11-2019 14:59,5.10
05-11-2019 15:00,4.90
05-11-2019 15:01,4.96
05-11-2019 15:02,4.95
05-11-2019 15:03,5.05
05-11-2019 15:04,4.93
05-11-2019 15:05,4.28
05-11-2019 15:06,5.02
05-11-2019 15:07,5.04
05-11-2019 15:08,4.92
05-11-2019 15:09,4.93
05-11-2019 15:10,4.95
05-11-2019 15:11,5.01
05-11-2019 15:12,4.97
05-11-2019 15:13,5.06
05-11-2019 15:14,5.09
05-11-2019 15:15,5.11
05-11-2019 15:16,6.88
05-11-2019 15:17,6.69
05-11-2019 15:18,6.76
05-11-2019 15:19,6.81
05-11-2019 15:20,6.84
05-11-2019 15:21,6.83
05-11-2019 15:22,6.83
05-11-2019 15:23,6.83
05-11-2019 15:24,6.86
05-11-2019 15:25,6.77
05-11-2019 15:26,6.74
05-11-2019 15:27,6.83
05-11-2019 15:28,6.74
05-11-2019 15:29,6.73
05-11-2019 15:30,6.76
05-11-2019 15:31,6.86
05-11-2019 15:32,6.84
05-11-2019 15:33,6.75
05-11-2019 15:34,6.79
05-11-2019 15:35,6.89
05-11-2019 15:36,6.99
05-11-2019 15:37,7.00
05-11-2019 15:38,6.85
05-11-2019 15:39,6.91
05-11-2019 15:40,6.80
05-11-2019 15:41,6.91
05-11-2019 15:42,6.78
05-11-2019 15:43,6.89
05-11-2019 15:44,6.89
05-11-2019 15:45,6.88
05-11-2019 15:46,6.82
05-11-2019 15:47,6.90
05-11-2019 15:48,6.84
05-11-2019 15:49,6.86
05-11-2019 15:50,6.97
05-11-2019 15:51,6.91
05-11-2019 15:52,6.82
05-11-2019 15:53,6.87
05-11-2019 15:54,7.73
05-11-2019 15:55,6.56
05-11-2019 15:56,6.79
05-11-2019 15:57,9.08
05-11-2019 15:58,9.49
05-11-2019 15:59,9.61
05-11-2019 16:00,9.44
05-11-2019 16:01,9.47
05-11-2019 16:02,9.47
05-11-2019 16:03,9.61
05-11-2019 16:04,9.46
05-11-2019 16:05,9.38
05-11-2019 16:06,9.43
05-11-2019 16:07,9.57
05-11-2019 16:08,9.43
05-11-2019 16:09,7.28
05-11-2019 16:10,6.54
05-11-2019 16:11,6.76
05-11-2019 16:12,6.61
05-11-2019 16:13,6.53
05-11-2019 16:14,6.55
05-11-2019 16:15,7.28
05-11-2019 16:16,7.87
05-11-2019 16:17,6.63
05-11-2019 16:18,7.16
05-11-2019 16:19,8.57
05-11-2019 16:20,9.95
05-11-2019 16:21,10.12
05-11-2019 16:22,10.12
05-11-2019 16:23,9.43
05-11-2019 16:24,9.83
05-11-2019 16:25,9.96
05-11-2019 16:26,10.36
05-11-2019 16:27,10.45
05-11-2019 16:28,7.20
05-11-2019 16:29,6.09
05-11-2019 16:30,7.44
05-11-2019 16:31,7.59
05-11-2019 16:32,10.36
05-11-2019 16:33,10.37
05-11-2019 16:34,10.28
05-11-2019 16:35,10.54
05-11-2019 16:36,10.28
05-11-2019 16:37,10.31
05-11-2019 16:38,10.42
05-11-2019 16:39,10.35
05-11-2019 16:40,10.40
05-11-2019 16:41,9.97
05-11-2019 16:42,10.09
05-11-2019 16:43,9.99
05-11-2019 16:44,9.76
05-11-2019 16:45,9.60
05-11-2019 16:46,6.97
05-11-2019 16:47,7.18
05-11-2019 16:48,7.07
05-11-2019 16:49,7.15
05-11-2019 16:50,6.09
05-11-2019 16:51,7.09
05-11-2019 16:52,4.10
05-11-2019 16:53,4.10
05-11-2019 16:54,4.05
05-11-2019 16:55,4.07
05-11-2019 16:56,4.11
05-11-2019 16:57,4.09
05-11-2019 16:58,4.08
05-11-2019 16:59,7.53
05-11-2019 17:00,7.86
05-11-2019 17:01,5.51
05-11-2019 17:02,5.55
05-11-2019 17:03,5.82
05-11-2019 17:04,5.86
05-11-2019 17:05,5.73
05-11-2019 17:06,5.71
05-11-2019 17:07,5.82
05-11-2019 17:08,4.93
05-11-2019 17:09,5.45
05-11-2019 17:10,5.10
05-11-2019 17:11,5.76
05-11-2019 17:12,5.29
05-11-2019 17:13,5.33
05-11-2019 17:14,5.99
05-11-2019 17:15,5.92
05-11-2019 17:16,5.74
05-11-2019 17:17,5.52
05-11-2019 17:18,5.91
05-11-2019 17:19,5.48
05-11-2019 17:20,5.40
05-11-2019 17:21,5.99
05-11-2019 17:22,5.52
05-11-2019 17:23,5.58
05-11-2019 17:24,5.49
05-11-2019 17:25,5.52
05-11-2019 17:26,6.03
05-11-2019 17:27,6.30
05-11-2019 17:28,5.68
05-11-2019 17:29,5.78
05-11-2019 17:30,5.79
05-11-2019 17:31,5.78
05-11-2019 17:32,5.54
05-11-2019 17:33,5.74
05-11-2019 17:34,5.84
05-11-2019 17:35,5.74
05-11-2019 17:36,5.73
05-11-2019 17:37,5.53
05-11-2019 17:38,5.57
05-11-2019 17:39,5.83
05-11-2019 17:40,5.60
05-11-2019 17:41,5.67
05-11-2019 17:42,5.58
05-11-2019 17:43,5.83
05-11-2019 17:44,5.82
05-11-2019 17:45,5.55
05-11-2019 17:46,5.51
05-11-2019 17:47,5.67
05-11-2019 17:48,5.58
05-11-2019 17:49,5.52
05-11-2019 17:50,5.67
05-11-2019 17:51,5.72
05-11-2019 17:52,5.69
05-11-2019 17:53,5.75
05-11-2019 17:54,5.86
05-11-2019 17:55,6.18
05-11-2019 17:56,5.94
05-11-2019 17:57,4.97
05-11-2019 17:58,4.88
05-11-2019 17:59,4.94
05-11-2019 18:00,4.82
05-11-2019 18:01,5.10
05-11-2019 18:02,5.12
05-11-2019 18:03,5.07
05-11-2019 18:04,5.05
05-11-2019 18:05,4.89
05-11-2019 18:06,4.88
05-11-2019 18:07,4.96
05-11-2019 18:08,4.83
05-11-2019 18:09,4.82
05-11-2019 18:10,4.80
05-11-2019 18:11,4.96
05-11-2019 18:12,4.87
05-11-2019 18:13,4.83
05-11-2019 18:14,4.79
05-11-2019 18:15,4.96
05-11-2019 18:16,4.82
05-11-2019 18:17,4.75
05-11-2019 18:18,4.79
05-11-2019 18:19,5.00
05-11-2019 18:20,4.99
05-11-2019 18:21,4.97
05-11-2019 18:22,4.93
05-11-2019 18:23,4.97
05-11-2019 18:24,4.69
05-11-2019 18:25,4.67
05-11-2019 18:26,4.71
05-11-2019 18:27,4.74
05-11-2019 18:28,4.53
05-11-2019 18:29,4.60
05-11-2019 18:30,4.64
05-11-2019 18:31,4.78
05-11-2019 18:32,4.56
05-11-2019 18:33,4.52
05-11-2019 18:34,4.52
05-11-2019 18:35,4.68
05-11-2019 18:36,4.50
05-11-2019 18:37,4.48
05-11-2019 18:38,4.59
05-11-2019 18:39,4.70
05-11-2019 18:40,4.71
05-11-2019 18:41,4.44
05-11-2019 18:42,4.42
05-11-2019 18:43,4.52
05-11-2019 18:44,4.48
05-11-2019 18:45,4.42
05-11-2019 18:46,4.36
05-11-2019 18:47,4.50
05-11-2019 18:48,4.46
05-11-2019 18:49,4.57
05-11-2019 18:50,4.40
05-11-2019 18:51,4.46
05-11-2019 18:52,4.34
05-11-2019 18:53,4.36
05-11-2019 18:54,4.40
05-11-2019 18:55,4.47
05-11-2019 18:56,4.47
05-11-2019 18:57,4.30
05-11-2019 18:58,4.36
05-11-2019 18:59,4.50
05-11-2019 19:00,4.55
05-11-2019 19:01,3.89
05-11-2019 19:02,3.66
05-11-2019 19:03,3.74
05-11-2019 19:04,3.72
05-11-2019 19:05,3.74
05-11-2019 19:06,3.67
05-11-2019 19:07,3.68
05-11-2019 19:08,3.66
05-11-2019 19:09,3.71
05-11-2019 19:10,3.77
05-11-2019 19:11,3.71
05-11-2019 19:12,3.74
05-11-2019 19:13,3.68
05-11-2019 19:14,3.64
05-11-2019 19:15,3.68
05-11-2019 19:16,3.71
05-11-2019 19:17,3.68
05-11-2019 19:18,3.60
05-11-2019 19:19,3.69
05-11-2019 19:20,3.73
05-11-2019 19:21,3.71
05-11-2019 19:22,3.62
05-11-2019 19:23,3.73
05-11-2019 19:24,3.67
05-11-2019 19:25,3.70
05-11-2019 19:26,3.67
05-11-2019 19:27,3.71
05-11-2019 19:28,3.61
05-11-2019 19:29,3.67
05-11-2019 19:30,3.70
05-11-2019 19:31,3.81
05-11-2019 19:32,3.77
05-11-2019 19:33,3.69
05-11-2019 19:34,3.67
05-11-2019 19:35,3.72
05-11-2019 19:36,3.67
05-11-2019 19:37,3.65
05-11-2019 19:38,3.57
05-11-2019 19:39,3.64
05-11-2019 19:40,3.63
05-11-2019 19:41,3.61
05-11-2019 19:42,3.58
05-11-2019 19:43,3.63
05-11-2019 19:44,3.59
05-11-2019 19:45,3.63
05-11-2019 19:46,3.60
05-11-2019 19:47,3.63
05-11-2019 19:48,3.54
05-11-2019 19:49,3.67
05-11-2019 19:50,3.69
05-11-2019 19:51,3.66
05-11-2019 19:52,3.71
05-11-2019 19:53,3.61
05-11-2019 19:54,3.58
05-11-2019 19:55,3.63
05-11-2019 19:56,3.58
05-11-2019 19:57,3.57
05-11-2019 19:58,3.56
05-11-2019 19:59,3.63
05-11-2019 20:00,3.56
05-11-2019 20:01,3.58
05-11-2019 20:02,3.56
05-11-2019 20:03,3.65
05-11-2019 20:04,3.60
05-11-2019 20:05,3.56
05-11-2019 20:06,3.54
05-11-2019 20:07,3.61
05-11-2019 20:08,3.55
05-11-2019 20:09,3.57
05-11-2019 20:10,3.58
05-11-2019 20:11,3.62
05-11-2019 20:12,3.57
05-11-2019 20:13,3.53
05-11-2019 20:14,3.55
05-11-2019 20:15,3.60
05-11-2019 20:16,3.57
05-11-2019 20:17,3.51
05-11-2019 20:18,3.51
05-11-2019 20:19,3.56
05-11-2019 20:20,3.50
05-11-2019 20:21,3.49
05-11-2019 20:22,3.49
05-11-2019 20:23,3.56
05-11-2019 20:24,3.46
05-11-2019 20:25,3.46
05-11-2019 20:26,3.49
05-11-2019 20:27,3.54
05-11-2019 20:28,3.45
05-11-2019 20:29,3.50
05-11-2019 20:30,3.62
05-11-2019 20:31,3.61
05-11-2019 20:32,3.63
05-11-2019 20:33,3.59
05-11-2019 20:34,3.58
05-11-2019 20:35,3.57
05-11-2019 20:36,3.49
05-11-2019 20:37,3.48
05-11-2019 20:38,3.48
05-11-2019 20:39,3.55
05-11-2019 20:40,3.49
05-11-2019 20:41,3.50
05-11-2019 20:42,3.48
05-11-2019 20:43,3.52
05-11-2019 20:44,3.48
05-11-2019 20:45,3.46
05-11-2019 20:46,3.45
05-11-2019 20:47,3.54
05-11-2019 20:48,3.50
05-11-2019 20:49,3.44
05-11-2019 20:50,3.42
05-11-2019 20:51,3.53
05-11-2019 20:52,3.52
05-11-2019 20:53,3.47
05-11-2019 20:54,3.50
05-11-2019 20:55,3.48
05-11-2019 20:56,3.48
05-11-2019 20:57,3.58
05-11-2019 20:58,3.52
05-11-2019 20:59,3.51
05-11-2019 21:00,3.54
05-11-2019 21:01,3.56
05-11-2019 21:02,3.39
05-11-2019 21:03,3.42
05-11-2019 21:04,3.45
05-11-2019 21:05,3.43
05-11-2019 21:06,3.40
05-11-2019 21:07,3.44
05-11-2019 21:08,3.38
05-11-2019 21:09,3.39
05-11-2019 21:10,3.43
05-11-2019 21:11,3.43
05-11-2019 21:12,3.34
05-11-2019 21:13,3.40
05-11-2019 21:14,3.46
05-11-2019 21:15,3.49
05-11-2019 21:16,3.48
05-11-2019 21:17,3.36
05-11-2019 21:18,3.36
05-11-2019 21:19,3.50
05-11-2019 21:20,3.36
05-11-2019 21:21,3.32
05-11-2019 21:22,3.32
05-11-2019 21:23,3.45
05-11-2019 21:24,3.57
05-11-2019 21:25,3.43
05-11-2019 21:26,3.36
05-11-2019 21:27,3.36
05-11-2019 21:28,3.33
05-11-2019 21:29,3.34
05-11-2019 21:30,3.28
05-11-2019 21:31,3.43
05-11-2019 21:32,3.34
05-11-2019 21:33,3.40
05-11-2019 21:34,3.30
05-11-2019 21:35,3.37
05-11-2019 21:36,3.50
05-11-2019 21:37,3.41
05-11-2019 21:38,3.38
05-11-2019 21:39,3.48
05-11-2019 21:40,3.39
05-11-2019 21:41,3.36
05-11-2019 21:42,3.35
05-11-2019 21:43,3.43
05-11-2019 21:44,3.31
05-11-2019 21:45,3.36
05-11-2019 21:46,3.43
05-11-2019 21:47,3.39
05-11-2019 21:48,3.30
05-11-2019 21:49,3.32
05-11-2019 21:50,3.55
05-11-2019 21:51,3.50
05-11-2019 21:52,3.43
05-11-2019 21:53,3.49
05-11-2019 21:54,3.33
05-11-2019 21:55,3.39
05-11-2019 21:56,3.31
05-11-2019 21:57,3.31
05-11-2019 21:58,3.33
05-11-2019 21:59,3.40
05-11-2019 22:00,3.29
05-11-2019 22:01,3.35
05-11-2019 22:02,3.35
05-11-2019 22:03,3.41
05-11-2019 22:04,3.37
05-11-2019 22:05,3.34
05-11-2019 22:06,3.37
05-11-2019 22:07,3.41
05-11-2019 22:08,3.42
05-11-2019 22:09,3.41
05-11-2019 22:10,3.29
05-11-2019 22:11,3.41
05-11-2019 22:12,3.34
05-11-2019 22:13,3.31
05-11-2019 22:14,3.39
05-11-2019 22:15,3.54
05-11-2019 22:16,3.47
05-11-2019 22:17,3.45
05-11-2019 22:18,3.47
05-11-2019 22:19,3.43
05-11-2019 22:20,3.42
05-11-2019 22:21,3.53
05-11-2019 22:22,3.47
05-11-2019 22:23,3.47
05-11-2019 22:24,3.38
05-11-2019 22:25,3.43
05-11-2019 22:26,3.37
05-11-2019 22:27,3.52
05-11-2019 22:28,3.32
05-11-2019 22:29,3.28
05-11-2019 22:30,3.33
05-11-2019 22:31,3.44
05-11-2019 22:32,3.47
05-11-2019 22:33,3.26
05-11-2019 22:34,3.21
05-11-2019 22:35,3.38
05-11-2019 22:36,3.40
05-11-2019 22:37,3.27
05-11-2019 22:38,3.24
05-11-2019 22:39,3.34
05-11-2019 22:40,3.31
05-11-2019 22:41,3.32
05-11-2019 22:42,3.26
05-11-2019 22:43,3.38
05-11-2019 22:44,3.31
05-11-2019 22:45,3.37
05-11-2019 22:46,3.29
05-11-2019 22:47,3.37
05-11-2019 22:48,3.37
05-11-2019 22:49,3.26
05-11-2019 22:50,3.27
05-11-2019 22:51,3.40
05-11-2019 22:52,3.32
05-11-2019 22:53,3.31
05-11-2019 22:54,3.34
05-11-2019 22:55,3.36
05-11-2019 22:56,3.24
05-11-2019 22:57,3.27
05-11-2019 22:58,3.28
05-11-2019 22:59,3.40
05-11-2019 23:00,3.32
05-11-2019 23:01,3.37
05-11-2019 23:02,3.33
05-11-2019 23:03,3.21
05-11-2019 23:04,3.07
05-11-2019 23:05,3.04
05-11-2019 23:06,3.06
05-11-2019 23:07,3.17
05-11-2019 23:08,3.08
05-11-2019 23:09,3.20
05-11-2019 23:10,3.15
05-11-2019 23:11,3.13
05-11-2019 23:12,3.02
05-11-2019 23:13,3.05
05-11-2019 23:14,3.05
05-11-2019 23:15,3.15
05-11-2019 23:16,3.10
05-11-2019 23:17,3.12
05-11-2019 23:18,3.16
05-11-2019 23:19,3.13
05-11-2019 23:20,3.00
05-11-2019 23:21,3.02
05-11-2019 23:22,3.12
05-11-2019 23:23,3.18
05-11-2019 23:24,3.08
05-11-2019 23:25,3.03
05-11-2019 23:26,3.04
05-11-2019 23:27,3.16
05-11-2019 23:28,3.01
05-11-2019 23:29,3.02
05-11-2019 23:30,3.11
05-11-2019 23:31,3.13
05-11-2019 23:32,3.04
05-11-2019 23:33,3.03
05-11-2019 23:34,3.00
05-11-2019 23:35,3.06
05-11-2019 23:36,2.94
05-11-2019 23:37,2.97
05-11-2019 23:38,3.03
05-11-2019 23:39,3.05
05-11-2019 23:40,3.01
05-11-2019 23:41,2.93
05-11-2019 23:42,2.92
05-11-2019 23:43,3.08
05-11-2019 23:44,2.93
05-11-2019 23:45,2.92
05-11-2019 23:46,3.07
05-11-2019 23:47,3.02
05-11-2019 23:48,2.95
05-11-2019 23:49,2.93
05-11-2019 23:50,2.98
05-11-2019 23:51,3.03
05-11-2019 23:52,2.92
05-11-2019 23:53,2.89
05-11-2019 23:54,2.94
05-11-2019 23:55,3.00
05-11-2019 23:56,3.00
05-11-2019 23:57,2.91
05-11-2019 23:58,2.91
05-11-2019 23:59,3.04
06-11-2019 00:00,2.90
