Timestamp,Solar Power (kW)
05-11-2019 00:00,0.00
05-11-2019 00:01,0.00
05-11-2019 00:02,0.00
05-11-2019 00:03,0.00
05-11-2019 00:04,0.00
05-11-2019 00:05,0.00
05-11-2019 00:06,0.00
05-11-2019 00:07,0.00
05-11-2019 00:08,0.00
05-11-2019 00:09,0.00
05-11-2019 00:10,0.00
05-11-2019 00:11,0.00
05-11-2019 00:12,0.00
05-11-2019 00:13,0.00
05-11-2019 00:14,0.00
05-11-2019 00:15,0.00
05-11-2019 00:16,0.00
05-11-2019 00:17,0.00
05-11-2019 00:18,0.00
05-11-2019 00:19,0.00
05-11-2019 00:20,0.00
05-11-2019 00:21,0.00
05-11-2019 00:22,0.00
05-11-2019 00:23,0.00
05-11-2019 00:24,0.00
05-11-2019 00:25,0.00
05-11-2019 00:26,0.00
05-11-2019 00:27,0.00
05-11-2019 00:28,0.00
05-11-2019 00:29,0.00
05-11-2019 00:30,0.00
05-11-2019 00:31,0.00
05-11-2019 00:32,0.00
05-11-2019 00:33,0.00
05-11-2019 00:34,0.00
05-11-2019 00:35,0.00
05-11-2019 00:36,0.00
05-11-2019 00:37,0.00
05-11-2019 00:38,0.00
05-11-2019 00:39,0.00
05-11-2019 00:40,0.00
05-11-2019 00:41,0.00
05-11-2019 00:42,0.00
05-11-2019 00:43,0.00
05-11-2019 00:44,0.00
05-11-2019 00:45,0.00
05-11-2019 00:46,0.00
05-11-2019 00:47,0.00
05-11-2019 00:48,0.00
05-11-2019 00:49,0.00
05-11-2019 00:50,0.00
05-11-2019 00:51,0.00
05-11-2019 00:52,0.00
05-11-2019 00:53,0.00
05-11-2019 00:54,0.00
05-11-2019 00:55,0.00
05-11-2019 00:56,0.00
05-11-2019 00:57,0.00
05-11-2019 00:58,0.00
05-11-2019 00:59,0.00
05-11-2019 01:00,0.00
05-11-2019 01:01,0.00
05-11-2019 01:02,0.00
05-11-2019 01:03,0.00
05-11-2019 01:04,0.00
05-11-2019 01:05,0.00
05-11-2019 01:06,0.00
05-11-2019 01:07,0.00
05-11-2019 01:08,0.00
05-11-2019 01:09,0.00
05-11-2019 01:10,0.00
05-11-2019 01:11,0.00
05-11-2019 01:12,0.00
05-11-2019 01:13,0.00
05-11-2019 01:14,0.00
05-11-2019 01:15,0.00
05-11-2019 01:16,0.00
05-11-2019 01:17,0.00
05-11-2019 01:18,0.00
05-11-2019 01:19,0.00
05-11-2019 01:20,0.00
05-11-2019 01:21,0.00
05-11-2019 01:22,0.00
05-11-2019 01:23,0.00
05-11-2019 01:24,0.00
05-11-2019 01:25,0.00
05-11-2019 01:26,0.00
05-11-2019 01:27,0.00
05-11-2019 01:28,0.00
05-11-2019 01:29,0.00
05-11-2019 01:30,0.00
05-11-2019 01:31,0.00
05-11-2019 01:32,0.00
05-11-2019 01:33,0.00
05-11-2019 01:34,0.00
05-11-2019 01:35,0.00
05-11-2019 01:36,0.00
05-11-2019 01:37,0.00
05-11-2019 01:38,0.00
05-11-2019 01:39,0.00
05-11-2019 01:40,0.00
05-11-2019 01:41,0.00
05-11-2019 01:42,0.00
05-11-2019 01:43,0.00
05-11-2019 01:44,0.00
05-11-2019 01:45,0.00
05-11-2019 01:46,0.00
05-11-2019 01:47,0.00
05-11-2019 01:48,0.00
05-11-2019 01:49,0.00
05-11-2019 01:50,0.00
05-11-2019 01:51,0.00
05-11-2019 01:52,0.00
05-11-2019 01:53,0.00
05-11-2019 01:54,0.00
05-11-2019 01:55,0.00
05-11-2019 01:56,0.00
05-11-2019 01:57,0.00
05-11-2019 01:58,0.00
05-11-2019 01:59,0.00
05-11-2019 02:00,0.00
05-11-2019 02:01,0.00
05-11-2019 02:02,0.00
05-11-2019 02:03,0.00
05-11-2019 02:04,0.00
05-11-2019 02:05,0.00
05-11-2019 02:06,0.00
05-11-2019 02:07,0.00
05-11-2019 02:08,0.00
05-11-2019 02:09,0.00
05-11-2019 02:10,0.00
05-11-2019 02:11,0.00
05-11-2019 02:12,0.00
05-11-2019 02:13,0.00
05-11-2019 02:14,0.00
05-11-2019 02:15,0.00
05-11-2019 02:16,0.00
05-11-2019 02:17,0.00
05-11-2019 02:18,0.00
05-11-2019 02:19,0.00
05-11-2019 02:20,0.00
05-11-2019 02:21,0.00
05-11-2019 02:22,0.00
05-11-2019 02:23,0.00
05-11-2019 02:24,0.00
05-11-2019 02:25,0.00
05-11-2019 02:26,0.00
05-11-2019 02:27,0.00
05-11-2019 02:28,0.00
05-11-2019 02:29,0.00
05-11-2019 02:30,0.00
05-11-2019 02:31,0.00
05-11-2019 02:32,0.00
05-11-2019 02:33,0.00
05-11-2019 02:34,0.00
05-11-2019 02:35,0.00
05-11-2019 02:36,0.00
05-11-2019 02:37,0.00
05-11-2019 02:38,0.00
05-11-2019 02:39,0.00
05-11-2019 02:40,0.00
05-11-2019 02:41,0.00
05-11-2019 02:42,0.00
05-11-2019 02:43,0.00
05-11-2019 02:44,0.00
05-11-2019 02:45,0.00
05-11-2019 02:46,0.00
05-11-2019 02:47,0.00
05-11-2019 02:48,0.00
05-11-2019 02:49,0.00
05-11-2019 02:50,0.00
05-11-2019 02:51,0.00
05-11-2019 02:52,0.00
05-11-2019 02:53,0.00
05-11-2019 02:54,0.00
05-11-2019 02:55,0.00
05-11-2019 02:56,0.00
05-11-2019 02:57,0.00
05-11-2019 02:58,0.00
05-11-2019 02:59,0.00
05-11-2019 03:00,0.00
05-11-2019 03:01,0.00
05-11-2019 03:02,0.00
05-11-2019 03:03,0.00
05-11-2019 03:04,0.00
05-11-2019 03:05,0.00
05-11-2019 03:06,0.00
05-11-2019 03:07,0.00
05-11-2019 03:08,0.00
05-11-2019 03:09,0.00
05-11-2019 03:10,0.00
05-11-2019 03:11,0.00
05-11-2019 03:12,0.00
05-11-2019 03:13,0.00
05-11-2019 03:14,0.00
05-11-2019 03:15,0.00
05-11-2019 03:16,0.00
05-11-2019 03:17,0.00
05-11-2019 03:18,0.00
05-11-2019 03:19,0.00
05-11-2019 03:20,0.00
05-11-2019 03:21,0.00
05-11-2019 03:22,0.00
05-11-2019 03:23,0.00
05-11-2019 03:24,0.00
05-11-2019 03:25,0.00
05-11-2019 03:26,0.00
05-11-2019 03:27,0.00
05-11-2019 03:28,0.00
05-11-2019 03:29,0.00
05-11-2019 03:30,0.00
05-11-2019 03:31,0.00
05-11-2019 03:32,0.00
05-11-2019 03:33,0.00
05-11-2019 03:34,0.00
05-11-2019 03:35,0.00
05-11-2019 03:36,0.00
05-11-2019 03:37,0.00
05-11-2019 03:38,0.00
05-11-2019 03:39,0.00
05-11-2019 03:40,0.00
05-11-2019 03:41,0.00
05-11-2019 03:42,0.00
05-11-2019 03:43,0.00
05-11-2019 03:44,0.00
05-11-2019 03:45,0.00
05-11-2019 03:46,0.00
05-11-2019 03:47,0.00
05-11-2019 03:48,0.00
05-11-2019 03:49,0.00
05-11-2019 03:50,0.00
05-11-2019 03:51,0.00
05-11-2019 03:52,0.00
05-11-2019 03:53,0.00
05-11-2019 03:54,0.00
05-11-2019 03:55,0.00
05-11-2019 03:56,0.00
05-11-2019 03:57,0.00
05-11-2019 03:58,0.00
05-11-2019 03:59,0.00
05-11-2019 04:00,0.00
05-11-2019 04:01,0.00
05-11-2019 04:02,0.00
05-11-2019 04:03,0.00
05-11-2019 04:04,0.00
05-11-2019 04:05,0.00
05-11-2019 04:06,0.00
05-11-2019 04:07,0.00
05-11-2019 04:08,0.00
05-11-2019 04:09,0.00
05-11-2019 04:10,0.00
05-11-2019 04:11,0.00
05-11-2019 04:12,0.00
05-11-2019 04:13,0.00
05-11-2019 04:14,0.00
05-11-2019 04:15,0.00
05-11-2019 04:16,0.00
05-11-2019 04:17,0.00
05-11-2019 04:18,0.00
05-11-2019 04:19,0.00
05-11-2019 04:20,0.00
05-11-2019 04:21,0.00
05-11-2019 04:22,0.00
05-11-2019 04:23,0.00
05-11-2019 04:24,0.00
05-11-2019 04:25,0.00
05-11-2019 04:26,0.00
05-11-2019 04:27,0.00
05-11-2019 04:28,0.00
05-11-2019 04:29,0.00
05-11-2019 04:30,0.00
05-11-2019 04:31,0.00
05-11-2019 04:32,0.00
05-11-2019 04:33,0.00
05-11-2019 04:34,0.00
05-11-2019 04:35,0.00
05-11-2019 04:36,0.00
05-11-2019 04:37,0.00
05-11-2019 04:38,0.00
05-11-2019 04:39,0.00
05-11-2019 04:40,0.00
05-11-2019 04:41,0.00
05-11-2019 04:42,0.00
05-11-2019 04:43,0.00
05-11-2019 04:44,0.00
05-11-2019 04:45,0.00
05-11-2019 04:46,0.00
05-11-2019 04:47,0.00
05-11-2019 04:48,0.00
05-11-2019 04:49,0.00
05-11-2019 04:50,0.00
05-11-2019 04:51,0.00
05-11-2019 04:52,0.00
05-11-2019 04:53,0.00
05-11-2019 04:54,0.00
05-11-2019 04:55,0.00
05-11-2019 04:56,0.00
05-11-2019 04:57,0.00
05-11-2019 04:58,0.00
05-11-2019 04:59,0.00
05-11-2019 05:00,0.00
05-11-2019 05:01,0.00
05-11-2019 05:02,0.00
05-11-2019 05:03,0.00
05-11-2019 05:04,0.00
05-11-2019 05:05,0.00
05-11-2019 05:06,0.00
05-11-2019 05:07,0.00
05-11-2019 05:08,0.00
05-11-2019 05:09,0.00
05-11-2019 05:10,0.00
05-11-2019 05:11,0.00
05-11-2019 05:12,0.00
05-11-2019 05:13,0.00
05-11-2019 05:14,0.00
05-11-2019 05:15,0.00
05-11-2019 05:16,0.00
05-11-2019 05:17,0.00
05-11-2019 05:18,0.00
05-11-2019 05:19,0.00
05-11-2019 05:20,0.00
05-11-2019 05:21,0.00
05-11-2019 05:22,0.00
05-11-2019 05:23,0.00
05-11-2019 05:24,0.00
05-11-2019 05:25,0.00
05-11-2019 05:26,0.00
05-11-2019 05:27,0.00
05-11-2019 05:28,0.00
05-11-2019 05:29,0.00
05-11-2019 05:30,0.00
05-11-2019 05:31,0.00
05-11-2019 05:32,0.00
05-11-2019 05:33,0.00
05-11-2019 05:34,0.00
05-11-2019 05:35,0.00
05-11-2019 05:36,0.00
05-11-2019 05:37,0.00
05-11-2019 05:38,0.00
05-11-2019 05:39,0.00
05-11-2019 05:40,0.00
05-11-2019 05:41,0.00
05-11-2019 05:42,0.00
05-11-2019 05:43,0.00
05-11-2019 05:44,0.00
05-11-2019 05:45,0.00
05-11-2019 05:46,0.00
05-11-2019 05:47,0.20
05-11-2019 05:48,0.20
05-11-2019 05:49,0.24
05-11-2019 05:50,0.27
05-11-2019 05:51,0.27
05-11-2019 05:52,0.27
05-11-2019 05:53,0.27
05-11-2019 05:54,0.27
05-11-2019 05:55,0.27
05-11-2019 05:56,0.34
05-11-2019 05:57,0.30
05-11-2019 05:58,0.30
05-11-2019 05:59,0.30
05-11-2019 06:00,0.30
05-11-2019 06:01,0.34
05-11-2019 06:02,0.34
05-11-2019 06:03,0.34
05-11-2019 06:04,0.37
05-11-2019 06:05,0.37
05-11-2019 06:06,0.37
05-11-2019 06:07,0.37
05-11-2019 06:08,0.36
05-11-2019 06:09,0.36
05-11-2019 06:10,0.36
05-11-2019 06:11,0.36
05-11-2019 06:12,0.36
05-11-2019 06:13,0.36
05-11-2019 06:14,0.36
05-11-2019 06:15,0.43
05-11-2019 06:16,0.40
05-11-2019 06:17,0.40
05-11-2019 06:18,0.43
05-11-2019 06:19,0.43
05-11-2019 06:20,0.43
05-11-2019 06:21,0.43
05-11-2019 06:22,0.50
05-11-2019 06:23,0.50
05-11-2019 06:24,0.53
05-11-2019 06:25,0.53
05-11-2019 06:26,0.53
05-11-2019 06:27,0.56
05-11-2019 06:28,0.56
05-11-2019 06:29,0.63
05-11-2019 06:30,0.66
05-11-2019 06:31,0.66
05-11-2019 06:32,0.63
05-11-2019 06:33,0.63
05-11-2019 06:34,0.76
05-11-2019 06:35,0.76
05-11-2019 06:36,0.85
05-11-2019 06:37,0.89
05-11-2019 06:38,0.89
05-11-2019 06:39,0.89
05-11-2019 06:40,0.89
05-11-2019 06:41,0.76
05-11-2019 06:42,0.76
05-11-2019 06:43,1.05
05-11-2019 06:44,1.05
05-11-2019 06:45,1.02
05-11-2019 06:46,1.02
05-11-2019 06:47,1.02
05-11-2019 06:48,1.38
05-11-2019 06:49,1.38
05-11-2019 06:50,1.41
05-11-2019 06:51,1.61
05-11-2019 06:52,1.61
05-11-2019 06:53,1.55
05-11-2019 06:54,1.55
05-11-2019 06:55,1.48
05-11-2019 06:56,1.48
05-11-2019 06:57,1.83
05-11-2019 06:58,1.76
05-11-2019 06:59,1.76
05-11-2019 07:00,2.06
05-11-2019 07:01,2.06
05-11-2019 07:02,2.09
05-11-2019 07:03,2.09
05-11-2019 07:04,2.39
05-11-2019 07:05,2.39
05-11-2019 07:06,2.50
05-11-2019 07:07,2.60
05-11-2019 07:08,2.60
05-11-2019 07:09,2.90
05-11-2019 07:10,2.90
05-11-2019 07:11,3.00
05-11-2019 07:12,3.16
05-11-2019 07:13,3.16
05-11-2019 07:14,3.30
05-11-2019 07:15,3.30
05-11-2019 07:16,3.20
05-11-2019 07:17,3.20
05-11-2019 07:18,3.50
05-11-2019 07:19,3.09
05-11-2019 07:20,3.09
05-11-2019 07:21,3.22
05-11-2019 07:22,3.22
05-11-2019 07:23,3.74
05-11-2019 07:24,3.74
05-11-2019 07:25,3.64
05-11-2019 07:26,3.64
05-11-2019 07:27,3.89
05-11-2019 07:28,4.09
05-11-2019 07:29,4.09
05-11-2019 07:30,4.33
05-11-2019 07:31,4.33
05-11-2019 07:32,4.64
05-11-2019 07:33,4.64
05-11-2019 07:34,4.68
05-11-2019 07:35,4.75
05-11-2019 07:36,4.75
05-11-2019 07:37,5.00
05-11-2019 07:38,5.00
05-11-2019 07:39,5.18
05-11-2019 07:40,5.18
05-11-2019 07:41,5.42
05-11-2019 07:42,5.29
05-11-2019 07:43,5.29
05-11-2019 07:44,5.17
05-11-2019 07:45,5.17
05-11-2019 07:46,5.38
05-11-2019 07:47,5.38
05-11-2019 07:48,5.91
05-11-2019 07:49,5.78
05-11-2019 07:50,5.78
05-11-2019 07:51,5.95
05-11-2019 07:52,5.95
05-11-2019 07:53,6.41
05-11-2019 07:54,6.41
05-11-2019 07:55,6.17
05-11-2019 07:56,6.66
05-11-2019 07:57,6.66
05-11-2019 07:58,7.08
05-11-2019 07:59,7.08
05-11-2019 08:00,7.13
05-11-2019 08:01,7.13
05-11-2019 08:02,7.23
05-11-2019 08:03,7.23
05-11-2019 08:04,7.23
05-11-2019 08:05,7.27
05-11-2019 08:06,7.27
05-11-2019 08:07,7.57
05-11-2019 08:08,7.57
05-11-2019 08:09,8.44
05-11-2019 08:10,8.67
05-11-2019 08:11,8.67
05-11-2019 08:12,8.76
05-11-2019 08:13,8.76
05-11-2019 08:14,8.83
05-11-2019 08:15,8.83
05-11-2019 08:16,8.88
05-11-2019 08:17,9.25
05-11-2019 08:18,9.25
05-11-2019 08:19,9.56
05-11-2019 08:20,9.56
05-11-2019 08:21,9.68
05-11-2019 08:22,9.68
05-11-2019 08:23,9.98
05-11-2019 08:24,10.08
05-11-2019 08:25,10.08
05-11-2019 08:26,10.36
05-11-2019 08:27,10.36
05-11-2019 08:28,10.74
05-11-2019 08:29,10.74
05-11-2019 08:30,10.30
05-11-2019 08:31,10.86
05-11-2019 08:32,10.86
05-11-2019 08:33,11.17
05-11-2019 08:34,11.17
05-11-2019 08:35,11.33
05-11-2019 08:36,11.37
05-11-2019 08:37,11.37
05-11-2019 08:38,11.84
05-11-2019 08:39,11.84
05-11-2019 08:40,11.77
05-11-2019 08:41,11.77
05-11-2019 08:42,11.96
05-11-2019 08:43,12.23
05-11-2019 08:44,12.23
05-11-2019 08:45,13.13
05-11-2019 08:46,13.13
05-11-2019 08:47,13.15
05-11-2019 08:48,13.15
05-11-2019 08:49,13.68
05-11-2019 08:50,13.68
05-11-2019 08:51,13.92
05-11-2019 08:52,13.92
05-11-2019 08:53,13.92
05-11-2019 08:54,14.02
05-11-2019 08:55,14.02
05-11-2019 08:56,14.33
05-11-2019 08:57,14.33
05-11-2019 08:58,14.49
05-11-2019 08:59,14.65
05-11-2019 09:00,14.65
05-11-2019 09:01,15.20
05-11-2019 09:02,15.20
05-11-2019 09:03,15.11
05-11-2019 09:04,15.41
05-11-2019 09:05,15.41
05-11-2019 09:06,15.51
05-11-2019 09:07,15.51
05-11-2019 09:08,15.27
05-11-2019 09:09,15.27
05-11-2019 09:10,15.86
05-11-2019 09:11,16.20
05-11-2019 09:12,16.20
05-11-2019 09:13,16.37
05-11-2019 09:14,16.37
05-11-2019 09:15,15.95
05-11-2019 09:16,15.95
05-11-2019 09:17,16.37
05-11-2019 09:18,16.37
05-11-2019 09:19,16.22
05-11-2019 09:20,16.58
05-11-2019 09:21,16.58
05-11-2019 09:22,16.42
05-11-2019 09:23,16.42
05-11-2019 09:24,16.68
05-11-2019 09:25,17.12
05-11-2019 09:26,17.12
05-11-2019 09:27,16.98
05-11-2019 09:28,16.98
05-11-2019 09:29,17.14
05-11-2019 09:30,17.14
05-11-2019 09:31,17.56
05-11-2019 09:32,17.56
05-11-2019 09:33,17.49
05-11-2019 09:34,17.64
05-11-2019 09:35,17.64
05-11-2019 09:36,17.61
05-11-2019 09:37,17.61
05-11-2019 09:38,17.56
05-11-2019 09:39,17.75
05-11-2019 09:40,17.75
05-11-2019 09:41,17.81
05-11-2019 09:42,17.81
05-11-2019 09:43,18.26
05-11-2019 09:44,18.26
05-11-2019 09:45,17.83
05-11-2019 09:46,18.28
05-11-2019 09:47,18.28
05-11-2019 09:48,17.86
05-11-2019 09:49,17.86
05-11-2019 09:50,17.72
05-11-2019 09:51,17.72
05-11-2019 09:52,17.57
05-11-2019 09:53,17.57
05-11-2019 09:54,18.30
05-11-2019 09:55,18.55
05-11-2019 09:56,18.55
05-11-2019 09:57,18.23
05-11-2019 09:58,18.23
05-11-2019 09:59,18.12
05-11-2019 10:00,18.30
05-11-2019 10:01,18.30
05-11-2019 10:02,18.51
05-11-2019 10:03,18.51
05-11-2019 10:04,18.47
05-11-2019 10:05,18.47
05-11-2019 10:06,18.33
05-11-2019 10:07,19.03
05-11-2019 10:08,19.03
05-11-2019 10:09,19.13
05-11-2019 10:10,19.13
05-11-2019 10:11,19.28
05-11-2019 10:12,19.28
05-11-2019 10:13,19.21
05-11-2019 10:14,19.21
05-11-2019 10:15,20.10
05-11-2019 10:16,19.78
05-11-2019 10:17,19.78
05-11-2019 10:18,20.10
05-11-2019 10:19,20.10
05-11-2019 10:20,19.78
05-11-2019 10:21,19.80
05-11-2019 10:22,19.80
05-11-2019 10:23,19.68
05-11-2019 10:24,19.68
05-11-2019 10:25,19.19
05-11-2019 10:26,19.19
05-11-2019 10:27,20.15
05-11-2019 10:28,20.01
05-11-2019 10:29,20.01
05-11-2019 10:30,19.52
05-11-2019 10:31,19.52
05-11-2019 10:32,19.80
05-11-2019 10:33,19.80
05-11-2019 10:34,19.65
05-11-2019 10:35,20.33
05-11-2019 10:36,20.33
05-11-2019 10:37,20.01
05-11-2019 10:38,20.01
05-11-2019 10:39,20.90
05-11-2019 10:40,20.90
05-11-2019 10:41,20.89
05-11-2019 10:42,20.68
05-11-2019 10:43,20.68
05-11-2019 10:44,19.99
05-11-2019 10:45,19.99
05-11-2019 10:46,20.60
05-11-2019 10:47,20.60
05-11-2019 10:48,20.41
05-11-2019 10:49,20.41
05-11-2019 10:50,21.49
05-11-2019 10:51,20.36
05-11-2019 10:52,20.36
05-11-2019 10:53,20.52
05-11-2019 10:54,20.52
05-11-2019 10:55,21.39
05-11-2019 10:56,20.36
05-11-2019 10:57,20.36
05-11-2019 10:58,21.39
05-11-2019 10:59,21.39
05-11-2019 11:00,21.35
05-11-2019 11:01,21.35
05-11-2019 11:02,21.63
05-11-2019 11:03,20.94
05-11-2019 11:04,20.94
05-11-2019 11:05,20.54
05-11-2019 11:06,20.54
05-11-2019 11:07,20.87
05-11-2019 11:08,20.87
05-11-2019 11:09,22.28
05-11-2019 11:10,22.28
05-11-2019 11:11,21.96
05-11-2019 11:12,22.83
05-11-2019 11:13,22.83
05-11-2019 11:14,22.20
05-11-2019 11:15,22.20
05-11-2019 11:16,20.94
05-11-2019 11:17,22.44
05-11-2019 11:18,22.44
05-11-2019 11:19,21.11
05-11-2019 11:20,21.11
05-11-2019 11:21,21.48
05-11-2019 11:22,21.48
05-11-2019 11:23,22.17
05-11-2019 11:24,22.17
05-11-2019 11:25,20.94
05-11-2019 11:26,21.08
05-11-2019 11:27,21.08
05-11-2019 11:28,20.64
05-11-2019 11:29,20.64
05-11-2019 11:30,21.49
05-11-2019 11:31,21.76
05-11-2019 11:32,21.76
05-11-2019 11:33,22.00
05-11-2019 11:34,22.00
05-11-2019 11:35,22.00
05-11-2019 11:36,22.00
05-11-2019 11:37,22.30
05-11-2019 11:38,22.47
05-11-2019 11:39,22.47
05-11-2019 11:40,21.52
05-11-2019 11:41,21.52
05-11-2019 11:42,22.41
05-11-2019 11:43,22.41
05-11-2019 11:44,21.22
05-11-2019 11:45,20.58
05-11-2019 11:46,20.58
05-11-2019 11:47,21.20
05-11-2019 11:48,21.20
05-11-2019 11:49,21.53
05-11-2019 11:50,21.53
05-11-2019 11:51,22.69
05-11-2019 11:52,22.69
05-11-2019 11:53,21.88
05-11-2019 11:54,21.13
05-11-2019 11:55,21.13
05-11-2019 11:56,22.44
05-11-2019 11:57,22.44
05-11-2019 11:58,22.70
05-11-2019 11:59,22.70
05-11-2019 12:00,22.65
05-11-2019 12:01,21.64
05-11-2019 12:02,21.64
05-11-2019 12:03,22.04
05-11-2019 12:04,22.04
05-11-2019 12:05,21.82
05-11-2019 12:06,22.09
05-11-2019 12:07,22.09
05-11-2019 12:08,21.47
05-11-2019 12:09,21.47
05-11-2019 12:10,22.64
05-11-2019 12:11,22.64
05-11-2019 12:12,21.36
05-11-2019 12:13,21.54
05-11-2019 12:14,21.54
05-11-2019 12:15,22.31
05-11-2019 12:16,22.31
05-11-2019 12:17,22.16
05-11-2019 12:18,22.16
05-11-2019 12:19,22.25
05-11-2019 12:20,22.26
05-11-2019 12:21,22.26
05-11-2019 12:22,22.77
05-11-2019 12:23,22.77
05-11-2019 12:24,22.23
05-11-2019 12:25,22.23
05-11-2019 12:26,22.11
05-11-2019 12:27,22.02
05-11-2019 12:28,22.02
05-11-2019 12:29,21.87
05-11-2019 12:30,21.87
05-11-2019 12:31,22.16
05-11-2019 12:32,22.16
05-11-2019 12:33,22.13
05-11-2019 12:34,22.23
05-11-2019 12:35,22.23
05-11-2019 12:36,22.18
05-11-2019 12:37,22.18
05-11-2019 12:38,22.84
05-11-2019 12:39,22.84
05-11-2019 12:40,22.44
05-11-2019 12:41,22.74
05-11-2019 12:42,22.74
05-11-2019 12:43,22.88
05-11-2019 12:44,22.88
05-11-2019 12:45,22.62
05-11-2019 12:46,22.62
05-11-2019 12:47,22.30
05-11-2019 12:48,22.47
05-11-2019 12:49,22.47
05-11-2019 12:50,21.82
05-11-2019 12:51,21.82
05-11-2019 12:52,21.26
05-11-2019 12:53,21.26
05-11-2019 12:54,21.48
05-11-2019 12:55,22.34
05-11-2019 12:56,22.34
05-11-2019 12:57,21.36
05-11-2019 12:58,21.36
05-11-2019 12:59,22.08
05-11-2019 13:00,22.08
05-11-2019 13:01,21.60
05-11-2019 13:02,21.76
05-11-2019 13:03,21.76
05-11-2019 13:04,21.13
05-11-2019 13:05,21.13
05-11-2019 13:06,21.05
05-11-2019 13:07,21.05
05-11-2019 13:08,21.20
05-11-2019 13:09,21.12
05-11-2019 13:10,21.12
05-11-2019 13:11,21.27
05-11-2019 13:12,21.27
05-11-2019 13:13,21.48
05-11-2019 13:14,21.48
05-11-2019 13:15,21.20
05-11-2019 13:16,21.10
05-11-2019 13:17,21.10
05-11-2019 13:18,21.45
05-11-2019 13:19,21.45
05-11-2019 13:20,21.06
05-11-2019 13:21,21.06
05-11-2019 13:22,20.80
05-11-2019 13:23,20.94
05-11-2019 13:24,20.94
05-11-2019 13:25,20.29
05-11-2019 13:26,20.29
05-11-2019 13:27,20.17
05-11-2019 13:28,20.17
05-11-2019 13:29,20.81
05-11-2019 13:30,19.95
05-11-2019 13:31,19.95
05-11-2019 13:32,21.09
05-11-2019 13:33,21.09
05-11-2019 13:34,19.85
05-11-2019 13:35,19.85
05-11-2019 13:36,21.01
05-11-2019 13:37,19.95
05-11-2019 13:38,19.95
05-11-2019 13:39,20.45
05-11-2019 13:40,20.45
05-11-2019 13:41,20.15
05-11-2019 13:42,20.15
05-11-2019 13:43,20.36
05-11-2019 13:44,19.66
05-11-2019 13:45,19.66
05-11-2019 13:46,20.37
05-11-2019 13:47,20.37
05-11-2019 13:48,19.34
05-11-2019 13:49,19.34
05-11-2019 13:50,19.90
05-11-2019 13:51,20.17
05-11-2019 13:52,20.17
05-11-2019 13:53,19.31
05-11-2019 13:54,19.31
05-11-2019 13:55,19.16
05-11-2019 13:56,19.16
05-11-2019 13:57,18.89
05-11-2019 13:58,18.89
05-11-2019 13:59,18.89
05-11-2019 14:00,18.96
05-11-2019 14:01,18.96
05-11-2019 14:02,19.29
05-11-2019 14:03,19.29
05-11-2019 14:04,18.26
05-11-2019 14:05,19.18
05-11-2019 14:06,19.18
05-11-2019 14:07,18.70
05-11-2019 14:08,18.70
05-11-2019 14:09,17.55
05-11-2019 14:10,17.55
05-11-2019 14:11,18.40
05-11-2019 14:12,18.04
05-11-2019 14:13,18.04
05-11-2019 14:14,17.69
05-11-2019 14:15,17.69
05-11-2019 14:16,17.72
05-11-2019 14:17,17.72
05-11-2019 14:18,17.47
05-11-2019 14:19,16.79
05-11-2019 14:20,16.79
05-11-2019 14:21,16.58
05-11-2019 14:22,16.58
05-11-2019 14:23,16.40
05-11-2019 14:24,16.40
05-11-2019 14:25,17.12
05-11-2019 14:26,16.50
05-11-2019 14:27,16.50
05-11-2019 14:28,15.98
05-11-2019 14:29,15.98
05-11-2019 14:30,15.69
05-11-2019 14:31,15.69
05-11-2019 14:32,15.96
05-11-2019 14:33,15.27
05-11-2019 14:34,15.27
05-11-2019 14:35,14.89
05-11-2019 14:36,14.89
05-11-2019 14:37,15.06
05-11-2019 14:38,15.06
05-11-2019 14:39,15.21
05-11-2019 14:40,14.98
05-11-2019 14:41,14.98
05-11-2019 14:42,15.02
05-11-2019 14:43,15.02
05-11-2019 14:44,14.58
05-11-2019 14:45,14.58
05-11-2019 14:46,14.50
05-11-2019 14:47,14.18
05-11-2019 14:48,14.18
05-11-2019 14:49,13.91
05-11-2019 14:50,13.91
05-11-2019 14:51,14.04
05-11-2019 14:52,14.04
05-11-2019 14:53,13.80
05-11-2019 14:54,13.58
05-11-2019 14:55,13.58
05-11-2019 14:56,13.36
05-11-2019 14:57,13.36
05-11-2019 14:58,13.14
05-11-2019 14:59,13.14
05-11-2019 15:00,12.96
05-11-2019 15:01,12.80
05-11-2019 15:02,12.80
05-11-2019 15:03,12.43
05-11-2019 15:04,12.43
05-11-2019 15:05,12.35
05-11-2019 15:06,12.35
05-11-2019 15:07,11.98
05-11-2019 15:08,11.80
05-11-2019 15:09,11.80
05-11-2019 15:10,11.73
05-11-2019 15:11,11.73
05-11-2019 15:12,11.63
05-11-2019 15:13,11.63
05-11-2019 15:14,11.24
05-11-2019 15:15,11.76
05-11-2019 15:16,11.76
05-11-2019 15:17,11.06
05-11-2019 15:18,11.06
05-11-2019 15:19,10.98
05-11-2019 15:20,10.98
05-11-2019 15:21,10.68
05-11-2019 15:22,10.53
05-11-2019 15:23,10.53
05-11-2019 15:24,10.16
05-11-2019 15:25,10.16
05-11-2019 15:26,9.54
05-11-2019 15:27,9.54
05-11-2019 15:28,9.60
05-11-2019 15:29,9.63
05-11-2019 15:30,9.63
05-11-2019 15:31,9.44
05-11-2019 15:32,9.44
05-11-2019 15:33,8.95
05-11-2019 15:34,8.95
05-11-2019 15:35,9.35
05-11-2019 15:36,9.09
05-11-2019 15:37,9.09
05-11-2019 15:38,8.79
05-11-2019 15:39,8.79
05-11-2019 15:40,8.97
05-11-2019 15:41,8.97
05-11-2019 15:42,8.83
05-11-2019 15:43,8.93
05-11-2019 15:44,8.93
05-11-2019 15:45,8.23
05-11-2019 15:46,8.23
05-11-2019 15:47,8.04
05-11-2019 15:48,8.04
05-11-2019 15:49,7.75
05-11-2019 15:50,7.74
05-11-2019 15:51,7.74
05-11-2019 15:52,7.45
05-11-2019 15:53,7.45
05-11-2019 15:54,6.94
05-11-2019 15:55,6.94
05-11-2019 15:56,6.43
05-11-2019 15:57,6.08
05-11-2019 15:58,6.08
05-11-2019 15:59,5.57
05-11-2019 16:00,5.57
05-11-2019 16:01,5.43
05-11-2019 16:02,5.43
05-11-2019 16:03,5.11
05-11-2019 16:04,5.08
05-11-2019 16:05,5.08
05-11-2019 16:06,4.51
05-11-2019 16:07,4.51
05-11-2019 16:08,4.16
05-11-2019 16:09,4.16
05-11-2019 16:10,4.41
05-11-2019 16:11,4.06
05-11-2019 16:12,4.06
05-11-2019 16:13,3.77
05-11-2019 16:14,3.77
05-11-2019 16:15,3.46
05-11-2019 16:16,3.46
05-11-2019 16:17,3.26
05-11-2019 16:18,3.04
05-11-2019 16:19,3.04
05-11-2019 16:20,2.82
05-11-2019 16:21,2.82
05-11-2019 16:22,2.54
05-11-2019 16:23,2.54
05-11-2019 16:24,2.23
05-11-2019 16:25,2.02
05-11-2019 16:26,2.02
05-11-2019 16:27,1.74
05-11-2019 16:28,1.74
05-11-2019 16:29,1.94
05-11-2019 16:30,1.94
05-11-2019 16:31,1.66
05-11-2019 16:32,1.33
05-11-2019 16:33,1.33
05-11-2019 16:34,1.46
05-11-2019 16:35,1.46
05-11-2019 16:36,1.09
05-11-2019 16:37,1.09
05-11-2019 16:38,0.99
05-11-2019 16:39,1.06
05-11-2019 16:40,1.06
05-11-2019 16:41,0.99
05-11-2019 16:42,0.99
05-11-2019 16:43,0.81
05-11-2019 16:44,0.81
05-11-2019 16:45,0.82
05-11-2019 16:46,0.76
05-11-2019 16:47,0.76
05-11-2019 16:48,0.76
05-11-2019 16:49,0.76
05-11-2019 16:50,0.65
05-11-2019 16:51,0.65
05-11-2019 16:52,0.65
05-11-2019 16:53,0.66
05-11-2019 16:54,0.66
05-11-2019 16:55,0.55
05-11-2019 16:56,0.55
05-11-2019 16:57,0.62
05-11-2019 16:58,0.62
05-11-2019 16:59,0.59
05-11-2019 17:00,0.44
05-11-2019 17:01,0.44
05-11-2019 17:02,0.45
05-11-2019 17:03,0.45
05-11-2019 17:04,0.48
05-11-2019 17:05,0.48
05-11-2019 17:06,0.45
05-11-2019 17:07,0.41
05-11-2019 17:08,0.41
05-11-2019 17:09,0.41
05-11-2019 17:10,0.41
05-11-2019 17:11,0.38
05-11-2019 17:12,0.38
05-11-2019 17:13,0.41
05-11-2019 17:14,0.38
05-11-2019 17:15,0.38
05-11-2019 17:16,0.38
05-11-2019 17:17,0.38
05-11-2019 17:18,0.38
05-11-2019 17:19,0.38
05-11-2019 17:20,0.38
05-11-2019 17:21,0.34
05-11-2019 17:22,0.34
05-11-2019 17:23,0.34
05-11-2019 17:24,0.34
05-11-2019 17:25,0.00
05-11-2019 17:26,0.00
05-11-2019 17:27,0.00
05-11-2019 17:28,0.00
05-11-2019 17:29,0.00
05-11-2019 17:30,0.00
05-11-2019 17:31,0.00
05-11-2019 17:32,0.00
05-11-2019 17:33,0.00
05-11-2019 17:34,0.00
05-11-2019 17:35,0.00
05-11-2019 17:36,0.00
05-11-2019 17:37,0.00
05-11-2019 17:38,0.00
05-11-2019 17:39,0.00
05-11-2019 17:40,0.00
05-11-2019 17:41,0.00
05-11-2019 17:42,0.00
05-11-2019 17:43,0.00
05-11-2019 17:44,0.00
05-11-2019 17:45,0.00
05-11-2019 17:46,0.00
05-11-2019 17:47,0.00
05-11-2019 17:48,0.00
05-11-2019 17:49,0.00
05-11-2019 17:50,0.00
05-11-2019 17:51,0.00
05-11-2019 17:52,0.00
05-11-2019 17:53,0.00
05-11-2019 17:54,0.00
05-11-2019 17:55,0.00
05-11-2019 17:56,0.00
05-11-2019 17:57,0.00
05-11-2019 17:58,0.00
05-11-2019 17:59,0.00
05-11-2019 18:00,0.00
05-11-2019 18:01,0.00
05-11-2019 18:02,0.00
05-11-2019 18:03,0.00
05-11-2019 18:04,0.00
05-11-2019 18:05,0.00
05-11-2019 18:06,0.00
05-11-2019 18:07,0.00
05-11-2019 18:08,0.00
05-11-2019 18:09,0.00
05-11-2019 18:10,0.00
05-11-2019 18:11,0.00
05-11-2019 18:12,0.00
05-11-2019 18:13,0.00
05-11-2019 18:14,0.00
05-11-2019 18:15,0.00
05-11-2019 18:16,0.00
05-11-2019 18:17,0.00
05-11-2019 18:18,0.00
05-11-2019 18:19,0.00
05-11-2019 18:20,0.00
05-11-2019 18:21,0.00
05-11-2019 18:22,0.00
05-11-2019 18:23,0.00
05-11-2019 18:24,0.00
05-11-2019 18:25,0.00
05-11-2019 18:26,0.00
05-11-2019 18:27,0.00
05-11-2019 18:28,0.00
05-11-2019 18:29,0.00
05-11-2019 18:30,0.00
05-11-2019 18:31,0.00
05-11-2019 18:32,0.00
05-11-2019 18:33,0.00
05-11-2019 18:34,0.00
05-11-2019 18:35,0.00
05-11-2019 18:36,0.00
05-11-2019 18:37,0.00
05-11-2019 18:38,0.00
05-11-2019 18:39,0.00
05-11-2019 18:40,0.00
05-11-2019 18:41,0.00
05-11-2019 18:42,0.00
05-11-2019 18:43,0.00
05-11-2019 18:44,0.00
05-11-2019 18:45,0.00
05-11-2019 18:46,0.00
05-11-2019 18:47,0.00
05-11-2019 18:48,0.00
05-11-2019 18:49,0.00
05-11-2019 18:50,0.00
05-11-2019 18:51,0.00
05-11-2019 18:52,0.00
05-11-2019 18:53,0.00
05-11-2019 18:54,0.00
05-11-2019 18:55,0.00
05-11-2019 18:56,0.00
05-11-2019 18:57,0.00
05-11-2019 18:58,0.00
05-11-2019 18:59,0.00
05-11-2019 19:00,0.00
05-11-2019 19:01,0.00
05-11-2019 19:02,0.00
05-11-2019 19:03,0.00
05-11-2019 19:04,0.00
05-11-2019 19:05,0.00
05-11-2019 19:06,0.00
05-11-2019 19:07,0.00
05-11-2019 19:08,0.00
05-11-2019 19:09,0.00
05-11-2019 19:10,0.00
05-11-2019 19:11,0.00
05-11-2019 19:12,0.00
05-11-2019 19:13,0.00
05-11-2019 19:14,0.00
05-11-2019 19:15,0.00
05-11-2019 19:16,0.00
05-11-2019 19:17,0.00
05-11-2019 19:18,0.00
05-11-2019 19:19,0.00
05-11-2019 19:20,0.00
05-11-2019 19:21,0.00
05-11-2019 19:22,0.00
05-11-2019 19:23,0.00
05-11-2019 19:24,0.00
05-11-2019 19:25,0.00
05-11-2019 19:26,0.00
05-11-2019 19:27,0.00
05-11-2019 19:28,0.00
05-11-2019 19:29,0.00
05-11-2019 19:30,0.00
05-11-2019 19:31,0.00
05-11-2019 19:32,0.00
05-11-2019 19:33,0.00
05-11-2019 19:34,0.00
05-11-2019 19:35,0.00
05-11-2019 19:36,0.00
05-11-2019 19:37,0.00
05-11-2019 19:38,0.00
05-11-2019 19:39,0.00
05-11-2019 19:40,0.00
05-11-2019 19:41,0.00
05-11-2019 19:42,0.00
05-11-2019 19:43,0.00
05-11-2019 19:44,0.00
05-11-2019 19:45,0.00
05-11-2019 19:46,0.00
05-11-2019 19:47,0.00
05-11-2019 19:48,0.00
05-11-2019 19:49,0.00
05-11-2019 19:50,0.00
05-11-2019 19:51,0.00
05-11-2019 19:52,0.00
05-11-2019 19:53,0.00
05-11-2019 19:54,0.00
05-11-2019 19:55,0.00
05-11-2019 19:56,0.00
05-11-2019 19:57,0.00
05-11-2019 19:58,0.00
05-11-2019 19:59,0.00
05-11-2019 20:00,0.00
05-11-2019 20:01,0.00
05-11-2019 20:02,0.00
05-11-2019 20:03,0.00
05-11-2019 20:04,0.00
05-11-2019 20:05,0.00
05-11-2019 20:06,0.00
05-11-2019 20:07,0.00
05-11-2019 20:08,0.00
05-11-2019 20:09,0.00
05-11-2019 20:10,0.00
05-11-2019 20:11,0.00
05-11-2019 20:12,0.00
05-11-2019 20:13,0.00
05-11-2019 20:14,0.00
05-11-2019 20:15,0.00
05-11-2019 20:16,0.00
05-11-2019 20:17,0.00
05-11-2019 20:18,0.00
05-11-2019 20:19,0.00
05-11-2019 20:20,0.00
05-11-2019 20:21,0.00
05-11-2019 20:22,0.00
05-11-2019 20:23,0.00
05-11-2019 20:24,0.00
05-11-2019 20:25,0.00
05-11-2019 20:26,0.00
05-11-2019 20:27,0.00
05-11-2019 20:28,0.00
05-11-2019 20:29,0.00
05-11-2019 20:30,0.00
05-11-2019 20:31,0.00
05-11-2019 20:32,0.00
05-11-2019 20:33,0.00
05-11-2019 20:34,0.00
05-11-2019 20:35,0.00
05-11-2019 20:36,0.00
05-11-2019 20:37,0.00
05-11-2019 20:38,0.00
05-11-2019 20:39,0.00
05-11-2019 20:40,0.00
05-11-2019 20:41,0.00
05-11-2019 20:42,0.00
05-11-2019 20:43,0.00
05-11-2019 20:44,0.00
05-11-2019 20:45,0.00
05-11-2019 20:46,0.00
05-11-2019 20:47,0.00
05-11-2019 20:48,0.00
05-11-2019 20:49,0.00
05-11-2019 20:50,0.00
05-11-2019 20:51,0.00
05-11-2019 20:52,0.00
05-11-2019 20:53,0.00
05-11-2019 20:54,0.00
05-11-2019 20:55,0.00
05-11-2019 20:56,0.00
05-11-2019 20:57,0.00
05-11-2019 20:58,0.00
05-11-2019 20:59,0.00
05-11-2019 21:00,0.00
05-11-2019 21:01,0.00
05-11-2019 21:02,0.00
05-11-2019 21:03,0.00
05-11-2019 21:04,0.00
05-11-2019 21:05,0.00
05-11-2019 21:06,0.00
05-11-2019 21:07,0.00
05-11-2019 21:08,0.00
05-11-2019 21:09,0.00
05-11-2019 21:10,0.00
05-11-2019 21:11,0.00
05-11-2019 21:12,0.00
05-11-2019 21:13,0.00
05-11-2019 21:14,0.00
05-11-2019 21:15,0.00
05-11-2019 21:16,0.00
05-11-2019 21:17,0.00
05-11-2019 21:18,0.00
05-11-2019 21:19,0.00
05-11-2019 21:20,0.00
05-11-2019 21:21,0.00
05-11-2019 21:22,0.00
05-11-2019 21:23,0.00
05-11-2019 21:24,0.00
05-11-2019 21:25,0.00
05-11-2019 21:26,0.00
05-11-2019 21:27,0.00
05-11-2019 21:28,0.00
05-11-2019 21:29,0.00
05-11-2019 21:30,0.00
05-11-2019 21:31,0.00
05-11-2019 21:32,0.00
05-11-2019 21:33,0.00
05-11-2019 21:34,0.00
05-11-2019 21:35,0.00
05-11-2019 21:36,0.00
05-11-2019 21:37,0.00
05-11-2019 21:38,0.00
05-11-2019 21:39,0.00
05-11-2019 21:40,0.00
05-11-2019 21:41,0.00
05-11-2019 21:42,0.00
05-11-2019 21:43,0.00
05-11-2019 21:44,0.00
05-11-2019 21:45,0.00
05-11-2019 21:46,0.00
05-11-2019 21:47,0.00
05-11-2019 21:48,0.00
05-11-2019 21:49,0.00
05-11-2019 21:50,0.00
05-11-2019 21:51,0.00
05-11-2019 21:52,0.00
05-11-2019 21:53,0.00
05-11-2019 21:54,0.00
05-11-2019 21:55,0.00
05-11-2019 21:56,0.00
05-11-2019 21:57,0.00
05-11-2019 21:58,0.00
05-11-2019 21:59,0.00
05-11-2019 22:00,0.00
05-11-2019 22:01,0.00
05-11-2019 22:02,0.00
05-11-2019 22:03,0.00
05-11-2019 22:04,0.00
05-11-2019 22:05,0.00
05-11-2019 22:06,0.00
05-11-2019 22:07,0.00
05-11-2019 22:08,0.00
05-11-2019 22:09,0.00
05-11-2019 22:10,0.00
05-11-2019 22:11,0.00
05-11-2019 22:12,0.00
05-11-2019 22:13,0.00
05-11-2019 22:14,0.00
05-11-2019 22:15,0.00
05-11-2019 22:16,0.00
05-11-2019 22:17,0.00
05-11-2019 22:18,0.00
05-11-2019 22:19,0.00
05-11-2019 22:20,0.00
05-11-2019 22:21,0.00
05-11-2019 22:22,0.00
05-11-2019 22:23,0.00
05-11-2019 22:24,0.00
05-11-2019 22:25,0.00
05-11-2019 22:26,0.00
05-11-2019 22:27,0.00
05-11-2019 22:28,0.00
05-11-2019 22:29,0.00
05-11-2019 22:30,0.00
05-11-2019 22:31,0.00
05-11-2019 22:32,0.00
05-11-2019 22:33,0.00
05-11-2019 22:34,0.00
05-11-2019 22:35,0.00
05-11-2019 22:36,0.00
05-11-2019 22:37,0.00
05-11-2019 22:38,0.00
05-11-2019 22:39,0.00
05-11-2019 22:40,0.00
05-11-2019 22:41,0.00
05-11-2019 22:42,0.00
05-11-2019 22:43,0.00
05-11-2019 22:44,0.00
05-11-2019 22:45,0.00
05-11-2019 22:46,0.00
05-11-2019 22:47,0.00
05-11-2019 22:48,0.00
05-11-2019 22:49,0.00
05-11-2019 22:50,0.00
05-11-2019 22:51,0.00
05-11-2019 22:52,0.00
05-11-2019 22:53,0.00
05-11-2019 22:54,0.00
05-11-2019 22:55,0.00
05-11-2019 22:56,0.00
05-11-2019 22:57,0.00
05-11-2019 22:58,0.00
05-11-2019 22:59,0.00
05-11-2019 23:00,0.00
05-11-2019 23:01,0.00
05-11-2019 23:02,0.00
05-11-2019 23:03,0.00
05-11-2019 23:04,0.00
05-11-2019 23:05,0.00
05-11-2019 23:06,0.00
05-11-2019 23:07,0.00
05-11-2019 23:08,0.00
05-11-2019 23:09,0.00
05-11-2019 23:10,0.00
05-11-2019 23:11,0.00
05-11-2019 23:12,0.00
05-11-2019 23:13,0.00
05-11-2019 23:14,0.00
05-11-2019 23:15,0.00
05-11-2019 23:16,0.00
05-11-2019 23:17,0.00
05-11-2019 23:18,0.00
05-11-2019 23:19,0.00
05-11-2019 23:20,0.00
05-11-2019 23:21,0.00
05-11-2019 23:22,0.00
05-11-2019 23:23,0.00
05-11-2019 23:24,0.00
05-11-2019 23:25,0.00
05-11-2019 23:26,0.00
05-11-2019 23:27,0.00
05-11-2019 23:28,0.00
05-11-2019 23:29,0.00
05-11-2019 23:30,0.00
05-11-2019 23:31,0.00
05-11-2019 23:32,0.00
05-11-2019 23:33,0.00
05-11-2019 23:34,0.00
05-11-2019 23:35,0.00
05-11-2019 23:36,0.00
05-11-2019 23:37,0.00
05-11-2019 23:38,0.00
05-11-2019 23:39,0.00
05-11-2019 23:40,0.00
05-11-2019 23:41,0.00
05-11-2019 23:42,0.00
05-11-2019 23:43,0.00
05-11-2019 23:44,0.00
05-11-2019 23:45,0.00
05-11-2019 23:46,0.00
05-11-2019 23:47,0.00
05-11-2019 23:48,0.00
05-11-2019 23:49,0.00
05-11-2019 23:50,0.00
05-11-2019 23:51,0.00
05-11-2019 23:52,0.00
05-11-2019 23:53,0.00
05-11-2019 23:54,0.00
05-11-2019 23:55,0.00
05-11-2019 23:56,0.00
05-11-2019 23:57,0.00
05-11-2019 23:58,0.00
05-11-2019 23:59,0.00
06-11-2019 00:00,0.00
